{
  "surah_number": 1,
  "ayahs": [
    {
      "ayah_number": 1,
      "translation_tl": "Sa ngalan ni Allāh,[1] ang Napakamaawain, ang Maawain.",
      "footnotes": "[1] Ang pangalang Allāh ay pangngalang pantanging ukol lamang sa tunay na Diyos."
    },
    {
      "ayah_number": 2,
      "translation_tl": "Ang papuri ay ukol kay Allāh, ang Panginoon[2] ng mga nilalang,[3]",
      "footnotes": "[2] Ang Panginoon (Rabb sa wikang Arabe) ay ang Tagapag-alaga, ang Tagalikha, ang Tagapagtustos, at ang Tagapangsiwa.\n[3] Ang nilalang (`ālam sa wikang Arabe) ay ang bawat anumang iba pa kay Allāh, gaya ng tao, jinn, anghel, at iba pa."
    },
    {
      "ayah_number": 3,
      "translation_tl": "ang Napakamaawain, ang Maawain,",
      "footnotes": null
    },
    {
      "ayah_number": 4,
      "translation_tl": "ang Tagapagmay-ari ng Araw ng Pagtutumbas.",
      "footnotes": null
    },
    {
      "ayah_number": 5,
      "translation_tl": "Sa Iyo [lamang] kami sumasamba at sa Iyo [lamang] kami nagpapatulong.",
      "footnotes": null
    },
    {
      "ayah_number": 6,
      "translation_tl": "Magpatnubay Ka sa amin sa landasing tuwid:",
      "footnotes": null
    },
    {
      "ayah_number": 7,
      "translation_tl": "ang landasin ng mga biniyayaan[4] Mo,[5] hindi ng mga kinagalitan,[6] at hindi ng mga naliligaw.[7]",
      "footnotes": "[4] Ang mga biniyayaan dito ay ang mga propeta, ang mga nagpapakatotoo, mga martir, at mga maayos.\n[5] Sa istilo ng pagsasalin dito, ang mga panghalip na nagsisimula sa malaking titik gaya ng Ako, Ko, Akin, Ikaw, Mo, Iyo ay tumutukoy kay Allāh.\n[6] Sila ay ang mga nakakilala sa katotohanan at hindi sumunod dito.\n[7] Sila ay ang mga naligaw sa katotohan, na hindi napatnubayan."
    }
  ]
}