{
  "surah_number": 25,
  "ayahs": [
    {
      "ayah_number": 1,
      "translation_tl": "Napakamapagpala ang nagbaba ng [Qur’ān bilang] pamantayan sa Lingkod Niya upang ito para sa mga nilalang ay maging isang mapagbabala,",
      "footnotes": null
    },
    {
      "ayah_number": 2,
      "translation_tl": "na sa Kanya ang paghahari sa mga langit at lupa, hindi gumawa ng isang anak, hindi nagkaroon sa Kanya ng isang katambal sa paghahari, at lumikha ng bawat bagay saka nagtakda rito ng isang pagtatakda.”",
      "footnotes": null
    },
    {
      "ayah_number": 3,
      "translation_tl": "Gumawa sila sa bukod pa sa Kanya ng mga diyos na hindi lumilikha ng anuman samantalang sila ay nililikha. Hindi sila nagmamay-ari para sa mga sarili nila ng isang pinsala ni isang pakinabang at hindi sila nagmamay-ari ng isang kamatayan ni isang buhay ni isang pagkabuhay.",
      "footnotes": null
    },
    {
      "ayah_number": 4,
      "translation_tl": "Nagsabi ang mga tumangging sumampalataya: “Walang iba ito kundi isang kabulaanang ginawa-gawa niya, at may tumulong sa kanya rito na mga ibang tao,” ngunit naghatid nga sila ng isang kawalang-katarungan at isang kasinungalingan.",
      "footnotes": null
    },
    {
      "ayah_number": 5,
      "translation_tl": "Nagsabi sila: “Mga alamat ng mga sinauna [ito], na itinala niya saka ang mga ito ay idinidikta sa kanya sa umaga at hapon.”",
      "footnotes": null
    },
    {
      "ayah_number": 6,
      "translation_tl": "Sabihin mo: “Nagpababa nito ang nakaaalam ng lihim sa mga langit at lupa. Tunay na Siya ay laging Mapagpatawad, Maawain.”",
      "footnotes": null
    },
    {
      "ayah_number": 7,
      "translation_tl": "Nagsabi sila: “Ano ang mayroon sa Sugong ito na kumakain ng pagkain at naglalakad sa mga palengke? Bakit kasi walang pinababa sa kanya na isang anghel para ito kasama sa kanya ay maging isang mapagbabala?",
      "footnotes": null
    },
    {
      "ayah_number": 8,
      "translation_tl": "O [bakit kasi walang] ipinupukol sa kanya na isang kayamanan, o [bakit kasi hindi] siya nagkakaroon ng isang hardin na kakain siya mula roon?” Nagsabi ang mga tagalabag sa katarungan: “Hindi kayo sumusunod kundi sa isang lalaking nagaway.”",
      "footnotes": null
    },
    {
      "ayah_number": 9,
      "translation_tl": "Tumingin ka kung papaanong naglahad sila para sa iyo ng mga paghahalintulad kaya naligaw sila saka hindi sila nakakakaya [na magkaroon] ng isang landas [sa pagtuligsa sa Propeta].",
      "footnotes": null
    },
    {
      "ayah_number": 10,
      "translation_tl": "Napakamapagpala ang kung niloob Niya ay gumawa Siya para sa iyo ng higit na mabuti kaysa roon: mga hardin na dumadaloy mula sa ilalim ng mga ito ang mga ilog, at gagawa Siya para sa iyo ng mga palasyo.",
      "footnotes": null
    },
    {
      "ayah_number": 11,
      "translation_tl": "Bagkus nagpasinungaling sila sa Huling Sandali. Naglaan Kami para sa sinumang nagpasinungaling sa Huling Sandali ng Liyab.",
      "footnotes": null
    },
    {
      "ayah_number": 12,
      "translation_tl": "Kapag nakakita ito sa kanila[1] mula sa isang pook na malayo ay makaririnig sila para rito ng isang pagngingitngit at isang pagsinghal.",
      "footnotes": "[1] Ibig sabihin: Kapag nakakita ang Impiyerno sa mga tagatangging sumampalataya…"
    },
    {
      "ayah_number": 13,
      "translation_tl": "Kapag ipinukol sila mula roon sa isang lugar na masikip habang mga pinaggagapos ay mananawagan sila roon ng pagkagupo.",
      "footnotes": null
    },
    {
      "ayah_number": 14,
      "translation_tl": "Huwag kayong manawagan ngayong Araw ng pagkagupong nag-iisa. Manawagan kayo ng pagkagupong marami.",
      "footnotes": null
    },
    {
      "ayah_number": 15,
      "translation_tl": "Sabihin mo: “Iyon ba ay higit na mabuti o ang hardin ng kawalang-hanggan na ipinangako sa mga tagapangilag magkasala?” Ito para sa kanila ay magiging isang gantimpala at isang kahahantungan.",
      "footnotes": null
    },
    {
      "ayah_number": 16,
      "translation_tl": "Ukol sa kanila roon ang anumang niloloob nila habang mga mamamalagi. Laging iyon sa Panginoon mo ay isang pangakong hinihiling.",
      "footnotes": null
    },
    {
      "ayah_number": 17,
      "translation_tl": "[Banggitin] ang araw na kakalap si Allāh sa kanila[2] at sa anumang sinasamba nila bukod pa sa Kanya[3] saka magsasabi Siya: “Kayo ba ay nagligaw sa mga lingkod Kong ito o sila ay naligaw sa landas?”",
      "footnotes": "[2] Ibig sabihin: sa mga tagapagtambal\n[3] Gaya ni Jesus, Maria, Espiritu Santo, mga jinn, mga propeta, at iba pa."
    },
    {
      "ayah_number": 18,
      "translation_tl": "Nagsabi sila: “Kaluwalhatian sa Iyo! Hindi naging nararapat para sa amin na gumawa Kami bukod pa sa Iyo ng anumang mga katangkilik, subalit nagpatamasa Ka [sa Mundo] sa kanila at sa mga magulang nila hanggang sa nakalimot sila sa paalaala. Sila noon ay mga taong napariwara.”",
      "footnotes": null
    },
    {
      "ayah_number": 19,
      "translation_tl": "Magpapasinungaling nga sila sa inyo sa sinasabi ninyo saka hindi kayo makakakaya ng isang paglilihis ni isang pag-aadya. Ang sinumang lalabag sa katarungan [dahil sa pagtatambal kay Allāh] kabilang sa inyo ay magpapatikim Kami sa kanya ng isang pagdurusang malaki.",
      "footnotes": null
    },
    {
      "ayah_number": 20,
      "translation_tl": "Hindi Kami nagsugo bago mo ng mga isinugo malibang tunay na sila ay talagang kumakain ng pagkain at lumalakad sa mga palengke. Gumawa Kami sa ilan sa inyo para sa iba pa bilang pagsubok. Makatitiis ba kayo? Laging ang Panginoon mo ay Nakakikita.",
      "footnotes": null
    },
    {
      "ayah_number": 21,
      "translation_tl": "Nagsabi ang mga hindi nag-aasam ng pakikipagkita sa Amin: “Bakit kasi hindi pinababa sa amin ang mga anghel o [hindi] kami nakakikita sa Panginoon namin.” Talaga ngang nagmalaki sila sa mga sarili nila at nagpakasutil sila sa isang pagpapakasutil na malaki.",
      "footnotes": null
    },
    {
      "ayah_number": 22,
      "translation_tl": "Sa Araw na makikita nila ang mga anghel, walang balitang nakagagalak sa araw na iyon para sa mga salarin at magsasabi [ang mga anghel]: “[Ang balitang nakagagalak ay naging] isang hadlang na hinadlangan!”",
      "footnotes": null
    },
    {
      "ayah_number": 23,
      "translation_tl": "Tutuon Kami sa anumang ginawa nila na gawain saka gagawa Kami rito na gaya ng alabok na ikinalat.[4]",
      "footnotes": "[4] Ibig sabihin: walang kabuluhan dahil sa kawalang-pananampalataya."
    },
    {
      "ayah_number": 24,
      "translation_tl": "Ang mga maninirahan sa Paraiso sa Araw na iyon ay higit na mabuti sa pagtitigilan at higit na maganda sa pahihingahan.",
      "footnotes": null
    },
    {
      "ayah_number": 25,
      "translation_tl": "[Banggitin] ang araw na magkakabiyak-biyak ang langit na may mga ulap at ibababa ang mga anghel sa [maramihang] pagbababa.",
      "footnotes": null
    },
    {
      "ayah_number": 26,
      "translation_tl": "Ang paghahari, sa Araw na iyon, na totoo ay ukol sa Pinakamaawain. Iyon ay magiging isang Araw na mahirap laban sa mga tagatangging sumampalataya.",
      "footnotes": null
    },
    {
      "ayah_number": 27,
      "translation_tl": "[Banggitin] ang araw na kakagat ang tagalabag sa katarungan sa mga kamay niya, na nagsasabi: “O kung sana ako ay tumahak kasama sa Sugo sa landas.",
      "footnotes": null
    },
    {
      "ayah_number": 28,
      "translation_tl": "O kapighatian sa akin! Kung sana ako ay hindi gumawa kay Polano bilang matalik na kaibigan.",
      "footnotes": null
    },
    {
      "ayah_number": 29,
      "translation_tl": "Talaga ngang nagligaw siya sa akin palayo sa pag-alaala matapos noong dumating ito sa akin. Laging ang demonyo para sa tao ay mapagkanulo.”",
      "footnotes": null
    },
    {
      "ayah_number": 30,
      "translation_tl": "Nagsabi ang Sugo [sa Araw na iyon]: “O Panginoon ko, tunay na ang mga kababayan ko ay gumawa sa Qur’ān na ito bilang isinasaisang-tabi.”",
      "footnotes": null
    },
    {
      "ayah_number": 31,
      "translation_tl": "Gayon Kami nagtalaga para sa bawat propeta ng isang kaaway kabilang sa mga salarin. Nakasapat ang Panginoon mo bilang Tagapagpatnubay at bilang Mapag-adya.",
      "footnotes": null
    },
    {
      "ayah_number": 32,
      "translation_tl": "Nagsabi ang mga tumangging sumampalataya: “Bakit kasi hindi ibinaba sa kanya ang Qur’ān nang nag-iisang kabuuan?” [Ang pagbababang] gayon ay upang magpatatag Kami sa pamamagitan niyon sa puso mo. Bumigkas Kami nito nang [unti-unting] pagbigkas.",
      "footnotes": null
    },
    {
      "ayah_number": 33,
      "translation_tl": "Hindi sila nagdadala sa iyo ng isang paghahalintulad malibang naghatid Kami sa iyo ng katotohanan at isang higit na maganda sa pagpapaliwanag.",
      "footnotes": null
    },
    {
      "ayah_number": 34,
      "translation_tl": "Ang mga kakalapin [na nakasubsob] sa mga mukha nila patungo sa Impiyerno, ang mga iyon ay higit na masama sa lugar at higit na ligaw sa landas.",
      "footnotes": null
    },
    {
      "ayah_number": 35,
      "translation_tl": "Talaga ngang nagbigay Kami kay Moises ng kasulatan at gumawa Kami kasama sa kanya ng kapatid niyang si Aaron bilang katuwang.",
      "footnotes": null
    },
    {
      "ayah_number": 36,
      "translation_tl": "Kaya nagsabi Kami: “Pumunta kayong dalawa sa mga taong nagpasinungaling sa mga tanda Namin.” Kaya winasak Namin sila nang [lubusang] pagwasak.",
      "footnotes": null
    },
    {
      "ayah_number": 37,
      "translation_tl": "Ang mga tao ni Noe, noong nagpasinungaling sila sa mga sugo, ay nilunod Namin at ginawa Namin sila para sa mga tao bilang tanda. Naglaan Kami para sa mga tagalabag sa katarungan ng isang pagdurusang masakit.",
      "footnotes": null
    },
    {
      "ayah_number": 38,
      "translation_tl": "[Nagpahamak Kami] sa [liping] `Ād, Thamūd, mga kasamahan ng balon, at sa maraming salinlahi sa pagitan niyon.",
      "footnotes": null
    },
    {
      "ayah_number": 39,
      "translation_tl": "Sa bawat isa ay naglahad Kami ng mga paghahalintulad at sa bawat isa ay dumurog Kami nang isang [matinding] pagdurog.",
      "footnotes": null
    },
    {
      "ayah_number": 40,
      "translation_tl": "Talaga ngang pumunta sila sa pamayanan [ni Propeta Lot] na pinaulanan ng ulan ng kasagwaan. Kaya hindi ba dati sila nakakikita niyon? Bagkus sila noon ay hindi nag-aasam ng isang pagkabuhay.",
      "footnotes": null
    },
    {
      "ayah_number": 41,
      "translation_tl": "Kapag nakakita sila sa iyo ay wala silang ginagawa sa iyo kundi isang pangungutya, [na nagsasabi]: “Ito ba ang ipinadala ni Allāh bilang sugo?",
      "footnotes": null
    },
    {
      "ayah_number": 42,
      "translation_tl": "Tunay na halos talaga sanang nagligaw siya sa atin palayo sa mga diyos natin kung hindi dahil nagtiis tayo sa mga ito.” Malalaman nila kapag nakikita na nila ang pagdurusa kung sino ang higit na ligaw sa landas.",
      "footnotes": null
    },
    {
      "ayah_number": 43,
      "translation_tl": "Nakakita ka ba sa sinumang gumawa bilang diyos niya sa pithaya niya? Kaya ikaw ba sa kanya ay magiging isang pinananaligan?",
      "footnotes": null
    },
    {
      "ayah_number": 44,
      "translation_tl": "O nag-aakala ka na ang higit na marami sa kanila ay dumidinig o nakapag-uunawa? Walang iba sila kundi gaya ng mga hayupan, bagkus sila ay higit na ligaw sa landas.",
      "footnotes": null
    },
    {
      "ayah_number": 45,
      "translation_tl": "Hindi ka ba nagsaalang-alang sa Panginoon mo kung papaano Siya bumanat ng anino? Kung sakaling niloob Niya ay talaga sanang ginawa Niya ito na nakatigil. Pagkatapos ginawa ang araw bilang gabay rito.",
      "footnotes": null
    },
    {
      "ayah_number": 46,
      "translation_tl": "Pagkatapos nag-urong Kami nito tungo sa Amin nang isang unti-unting pag-urong.",
      "footnotes": null
    },
    {
      "ayah_number": 47,
      "translation_tl": "Siya ang gumawa para sa inyo ng gabi bilang damit[5] at ng pagtulog bilang pamamahinga, at gumawa ng maghapon bilang pagkabuhay [para maghanap-buhay].",
      "footnotes": "[5] na nagtatakip sa inyo ng dilim nito"
    },
    {
      "ayah_number": 48,
      "translation_tl": "Siya ay ang nagsugo ng mga hangin bilang balitang nakagagalak bago ng awa Niya. Nagpababa Kami mula sa langit ng tubig na kadali-dalisay",
      "footnotes": null
    },
    {
      "ayah_number": 49,
      "translation_tl": "upang magbigay-buhay Kami sa pamamagitan niyon sa isang bayang patay at magpainom Kami niyon sa kabilang sa nilikha Namin na maraming hayupan at tao.",
      "footnotes": null
    },
    {
      "ayah_number": 50,
      "translation_tl": "Talaga ngang nagsarisari Kami nito sa gitna nila upang magsaalaala sila ngunit tumutol ang higit na marami sa mga tao [sa anuman] maliban sa kawalang-pasasalamat.",
      "footnotes": null
    },
    {
      "ayah_number": 51,
      "translation_tl": "Kung sakaling niloob Namin ay talaga sanang nagpadala Kami sa bawat pamayanan ng isang mapagbabala.",
      "footnotes": null
    },
    {
      "ayah_number": 52,
      "translation_tl": "Kaya huwag kang tumalima sa mga tagatangging sumampalataya at makibaka ka sa kanila nang isang pakikibakang malaki.",
      "footnotes": null
    },
    {
      "ayah_number": 53,
      "translation_tl": "Siya ay ang nagpaugnay sa dalawang dagat: itong isa ay naiinom na matamis at itong isa pa ay maalat na mapait. Naglagay Siya sa pagitan ng dalawang ito ng isang halang at isang hadlang na hinadlangan.",
      "footnotes": null
    },
    {
      "ayah_number": 54,
      "translation_tl": "Siya ay ang lumikha mula sa tubig ng isang tao saka gumawa rito ng kamag-anakan sa angkan at kamag-anak sa pag-aasawa. Laging ang Panginoon mo ay May-kakayahan.",
      "footnotes": null
    },
    {
      "ayah_number": 55,
      "translation_tl": "Sumasamba sila sa bukod pa kay Allāh, na hindi nakapagpapakinabang sa kanila at hindi nakapipinsala sa kanila. Laging ang tagatangging sumampalataya laban sa Panginoon niya ay mapagtaguyod [sa demonyo].",
      "footnotes": null
    },
    {
      "ayah_number": 56,
      "translation_tl": "Hindi Kami nagsugo sa iyo kundi bilang tagapagbalita ng nakagagalak at bilang mapagbabala.",
      "footnotes": null
    },
    {
      "ayah_number": 57,
      "translation_tl": "Sabihin mo: “Hindi ako humihingi sa inyo dahil doon ng anumang pabuya maliban sa sinumang lumuob na gumawa patungo sa Panginoon niya ng isang landas.”",
      "footnotes": null
    },
    {
      "ayah_number": 58,
      "translation_tl": "Manalig ka sa Buhay na hindi namamatay at magluwalhati ka kalakip ng papuri sa Kanya. Nakasapat Siya sa mga pagkakasala ng mga lingkod Niya bilang Mapagbatid.",
      "footnotes": null
    },
    {
      "ayah_number": 59,
      "translation_tl": "[Siya] ang lumikha ng mga langit at lupa at anumang nasa pagitan ng mga ito sa anim na araw, pagkatapos lumuklok Siya sa Trono.[6] [Siya] ang Napakamaawain, kaya magtanong ka sa Kanya bilang Mapagbatid.",
      "footnotes": "[6] sa paraang naaangkop sa kadakilaan Niya"
    },
    {
      "ayah_number": 60,
      "translation_tl": "Kapag sinabi sa kanila: “Magpatirapa kayo sa Napakamaawain,” nagsasabi sila: “Ano ang Napakamaawain? Magpapatirapa ba kami sa ipinag-uutos mo sa amin?” Nakadagdag ito sa kanila ng isang pagkaayaw [sa pananampalataya].",
      "footnotes": null
    },
    {
      "ayah_number": 61,
      "translation_tl": "Napakamapagpala ang gumawa sa langit ng mga pulutong ng bituin at gumawa roon ng sulo at isang buwang tagapagbigay-liwanag.",
      "footnotes": null
    },
    {
      "ayah_number": 62,
      "translation_tl": "Siya ay ang gumawa sa gabi at maghapon na magkasalitan para sa sinumang nagnais na magsaalaala o nagnais ng pasasalamat.",
      "footnotes": null
    },
    {
      "ayah_number": 63,
      "translation_tl": "Ang mga lingkod ng Napakamaawain ay ang mga naglalakad sa lupa sa kababaang-loob at kapag kumausap sa kanila ang mga mangmang ay nagsasabi sila ng kapayapaan.[7]",
      "footnotes": "[7] Ibig sabihin: nagsasabi sila ng nakabubuti at hindi nag-aassal-hanggal"
    },
    {
      "ayah_number": 64,
      "translation_tl": "[Sila] ang mga nagpapagabi para sa Panginoon nila habang mga nakapatirapa at mga nakatayo.",
      "footnotes": null
    },
    {
      "ayah_number": 65,
      "translation_tl": "[Sila] ang mga nagsasabi: “Panginoon namin, maglihis Ka palayo sa amin ng pagdurusa sa Impiyerno; tunay na ang pagdurusa roon ay laging makapit.",
      "footnotes": null
    },
    {
      "ayah_number": 66,
      "translation_tl": "Tunay na iyon ay kay sagwa bilang pagtitigilan at bilang panananatilihan!”",
      "footnotes": null
    },
    {
      "ayah_number": 67,
      "translation_tl": "[Sila] ang mga kapag gumugol ay hindi nagpapakalabis at hindi sila nagkukuripot, at laging nasa pagitan niyon ay katamtaman.",
      "footnotes": null
    },
    {
      "ayah_number": 68,
      "translation_tl": "[Sila] ang mga hindi nananalangin kasama kay Allāh sa isang diyos na iba pa, hindi pumapatay ng taong ipinagbawal ni Allāh malibang ayon sa karapatan, at hindi nangangalunya. Ang sinumang gumawa niyon ay makatatagpo siya ng kaparusahan sa kasalanan:",
      "footnotes": null
    },
    {
      "ayah_number": 69,
      "translation_tl": "pag-iibayuhin para sa kanya ang pagdurusa sa Araw ng Pagbangon at mamalagi siya roon na hinahamak,",
      "footnotes": null
    },
    {
      "ayah_number": 70,
      "translation_tl": "maliban sa sinumang nagbalik-loob, sumampalataya, at gumawa ng gawang maayos sapagkat ang mga iyon ay papalitan ni Allāh ng mga gawang maganda ang mga gawang masagwa nila. Laging si Allāh ay Mapagpatawad, Maawain.",
      "footnotes": null
    },
    {
      "ayah_number": 71,
      "translation_tl": "Ang sinumang nagbalik-loob at gumawa ng maayos, tunay na siya ay nagbabalik-loob kay Allāh nang [tanggap na] pagbabalik-loob.",
      "footnotes": null
    },
    {
      "ayah_number": 72,
      "translation_tl": "[Sila] ang mga hindi sumasaksi sa kabulaanan at kapag naparaan sila sa satsatan ay dumaraan sila bilang mga marangal.",
      "footnotes": null
    },
    {
      "ayah_number": 73,
      "translation_tl": "[Sila] ang mga kapag pinaalalahanan ng mga tanda ng Panginoon nila ay hindi sumubsob dahil sa mga ito bilang mga bingi at mga bulag.",
      "footnotes": null
    },
    {
      "ayah_number": 74,
      "translation_tl": "[Sila] ang mga nagsasabi: “Panginoon namin, magkaloob Ka sa amin mula sa mga asawa namin at mga supling namin ng ginhawa ng mga mata, at gumawa Ka sa amin para sa mga tagapangilag magkasala bilang tagapanguna.”",
      "footnotes": null
    },
    {
      "ayah_number": 75,
      "translation_tl": "Ang mga iyon ay gagantihan ng Silid[8] dahil nagtiis sila at sasalubungin doon ng pagbati at kapayapaan",
      "footnotes": "[8] sa pinakamataas sa mga antas ng Paraiso"
    },
    {
      "ayah_number": 76,
      "translation_tl": "bilang mga mananatili roon. Kay ganda iyon bilang pagtitigilan at bilang panananatilihan!",
      "footnotes": null
    },
    {
      "ayah_number": 77,
      "translation_tl": "Sabihin mo: “Hindi sana nagmamalasakit sa inyo ang Panginoon ko kung hindi dahil sa panalangin ninyo, ngunit nagpasinungaling nga kayo[9] kaya ito ay magiging kumakapit.”",
      "footnotes": "[9] sa Sugo sa inihatid niya sa inyo mula sa Panginoon ninyo"
    }
  ]
}