{
  "surah_number": 26,
  "ayahs": [
    {
      "ayah_number": 1,
      "translation_tl": "Ṭā. Sīn. Mīm.[1]",
      "footnotes": "[1] Ang Qur’ān ay nasa wikang Arabe na binubuo ng mga titiks Arabe gaya ng mga ito subalit walang isa mang nakagawa ng kahit pinkamaiikling kabanata ng mahimalang kababalaghan ng Qur’ān."
    },
    {
      "ayah_number": 2,
      "translation_tl": "Ang mga ito ay ang mga talata ng Aklat[2] na naglilinaw.",
      "footnotes": "[2] Ibig sabihin: ang Qur’an."
    },
    {
      "ayah_number": 3,
      "translation_tl": "Baka ikaw ay kikitil ng sarili mo na hindi sila maging mga mananampalataya.",
      "footnotes": null
    },
    {
      "ayah_number": 4,
      "translation_tl": "Kung niloob Namin ay magbababa Kami sa kanila mula sa langit ng isang tanda kaya mananatili ang mga leeg nila na mga nakatungo roon.",
      "footnotes": null
    },
    {
      "ayah_number": 5,
      "translation_tl": "Walang pumupunta sa kanila na isang paalaala mula sa Napakamaawain, na bagong ipinababa, malibang sila rito ay mga umaayaw.",
      "footnotes": null
    },
    {
      "ayah_number": 6,
      "translation_tl": "Kaya nagpasinungaling nga sila kaya pupunta sa kanila ang mga balita ng anumang dati nilang kinukutya.",
      "footnotes": null
    },
    {
      "ayah_number": 7,
      "translation_tl": "Hindi ba sila nakita sa lupa kung ilan ang pinatubo Namin dito mula sa bawat uring marangal?",
      "footnotes": null
    },
    {
      "ayah_number": 8,
      "translation_tl": "Tunay na sa gayon ay talagang may tanda. Ang higit na marami sa kanila ay hindi naging mga mananampalataya.",
      "footnotes": null
    },
    {
      "ayah_number": 9,
      "translation_tl": "Tunay na ang Panginoon mo ay talagang Siya ang Makapangyarihan, ang Maawain.",
      "footnotes": null
    },
    {
      "ayah_number": 10,
      "translation_tl": "[Banggitin] noong nanawagan ang Panginoon mo kay Moises: “Pumunta ka sa mga taong tagalabag sa katarungan,",
      "footnotes": null
    },
    {
      "ayah_number": 11,
      "translation_tl": "ang mga tao ni Paraon. Hindi ba sila nangingilag magkasala?”",
      "footnotes": null
    },
    {
      "ayah_number": 12,
      "translation_tl": "Nagsabi ito: “Panginoon ko, tunay na ako ay nangangamba na magpasinungaling sila sa akin.",
      "footnotes": null
    },
    {
      "ayah_number": 13,
      "translation_tl": "Maninikip ang dibdib ko at hindi tatatas ang dila ko; kaya magsugo Ka [kay Anghel Gabriel] patungo kay Aaron.",
      "footnotes": null
    },
    {
      "ayah_number": 14,
      "translation_tl": "Sa kanila laban sa akin ay may isang pagkakasala [ng pagpatay] kaya nangangamba ako na patayin nila ako.”",
      "footnotes": null
    },
    {
      "ayah_number": 15,
      "translation_tl": "Nagsabi Siya: “Aba’y hindi. Kaya pumunta kayong dalawa kalakip ng mga tanda Namin. Tunay na Kami, kasama sa inyo, ay makikinig.",
      "footnotes": null
    },
    {
      "ayah_number": 16,
      "translation_tl": "Kaya pumunta kayong dalawa kay Paraon saka magsabi kayong dalawa: Tunay na kami ay sugo ng Panginoon ng mga nilalang,",
      "footnotes": null
    },
    {
      "ayah_number": 17,
      "translation_tl": "na ipadala mo kasama sa amin ang mga anak ni Israel.”",
      "footnotes": null
    },
    {
      "ayah_number": 18,
      "translation_tl": "Nagsabi [si Paraon]: “Hindi ba kami nag-alaga sa iyo sa amin noong bata [ka] pa at namalagi ka sa amin mula sa buhay mo nang ilang taon?",
      "footnotes": null
    },
    {
      "ayah_number": 19,
      "translation_tl": "Gumawa ka ng kagagawan[3] mo na ginawa mo habang ikaw ay kabilang sa mga tagatangging magpasalamat.”",
      "footnotes": "[3] Ibig sabihin: pagpatay ng isang tao."
    },
    {
      "ayah_number": 20,
      "translation_tl": "Nagsabi [si Moises]: “Nagawa ko iyon nang sandaling iyon habang ako ay kabilang sa mga naliligaw [bago dumating ang kapahayagan].",
      "footnotes": null
    },
    {
      "ayah_number": 21,
      "translation_tl": "Kaya tumalilis ako mula sa inyo noong nangamba ako sa inyo ngunit nagkaloob sa akin ang Panginoon ko ng karunungan at nagtalaga Siya sa akin kabilang sa mga isinugo.",
      "footnotes": null
    },
    {
      "ayah_number": 22,
      "translation_tl": "Iyon [ay isang biyayang ipinanunumbat mo sa akin: na nang-alipin ka sa mga anak ni Israel!”",
      "footnotes": null
    },
    {
      "ayah_number": 23,
      "translation_tl": "Nagsabi si Paraon: “At ano ang Panginoon ng mga nilalang?”",
      "footnotes": null
    },
    {
      "ayah_number": 24,
      "translation_tl": "Nagsabi [si Moises]: “Ang Panginoon ng mga langit at lupa at anumang nasa pagitan ng mga ito, kung kayo ay naging mga nakatitiyak.”",
      "footnotes": null
    },
    {
      "ayah_number": 25,
      "translation_tl": "Nagsabi [si Paraon] sa nakapaligid doon: “Hindi ba kayo nakikinig?”",
      "footnotes": null
    },
    {
      "ayah_number": 26,
      "translation_tl": "Nagsabi [si Moises]: “[Siya rin] ang Panginoon ninyo at ang Panginoon ng mga ninuno ninyong sinauna.”",
      "footnotes": null
    },
    {
      "ayah_number": 27,
      "translation_tl": "Nagsabi [si Paraon]: “Tunay na ang sugo ninyo na isinugo sa inyo ay talagang baliw.”",
      "footnotes": null
    },
    {
      "ayah_number": 28,
      "translation_tl": "Nagsabi [si Moises]: “Ang Panginoon ng silangan at kanluran at anumang nasa pagitan ng dalawang ito, kung kayo ay naging nakapag-uunawa.”",
      "footnotes": null
    },
    {
      "ayah_number": 29,
      "translation_tl": "Nagsabi [si Paraon]: “Talagang kung gumawa ka ng isang diyos na iba pa sa akin ay talagang gagawa nga ako sa iyo kabilang sa mga ibinilanggo.”",
      "footnotes": null
    },
    {
      "ayah_number": 30,
      "translation_tl": "Nagsabi [si Moises]: “Kahit pa ba naghatid ako sa iyo ng isang bagay na malinaw?”",
      "footnotes": null
    },
    {
      "ayah_number": 31,
      "translation_tl": "Nagsabi [si Paraon]: “Kaya maglahad ka nito kung ikaw ay naging kabilang sa mga tapat.”",
      "footnotes": null
    },
    {
      "ayah_number": 32,
      "translation_tl": "Kaya pumukol [si Moises] ng tungkod niya saka biglang ito ay isang ulupong na malinaw.",
      "footnotes": null
    },
    {
      "ayah_number": 33,
      "translation_tl": "Humugot siya ng kamay niya saka biglang ito ay maputi para sa mga tagatingin.",
      "footnotes": null
    },
    {
      "ayah_number": 34,
      "translation_tl": "Nagsabi [si Paraon] sa konseho sa paligid niyon: “Tunay na ito ay talagang isang manggagaway na maalam.",
      "footnotes": null
    },
    {
      "ayah_number": 35,
      "translation_tl": "Nagnanais siya na magpalabas sa inyo mula sa lupain ninyo sa pamamagitan ng panggagaway niya; kaya ano ang ipag-uutos ninyo?”",
      "footnotes": null
    },
    {
      "ayah_number": 36,
      "translation_tl": "Nagsabi sila: “Mag-antala ka sa kanya at sa kapatid niya [na si Aaron] at magpadala ka sa mga lungsod ng mga tagakalap,",
      "footnotes": null
    },
    {
      "ayah_number": 37,
      "translation_tl": "na magdadala sa iyo ng bawat mapanggaway na maalam.”",
      "footnotes": null
    },
    {
      "ayah_number": 38,
      "translation_tl": "Kaya tinipon ang mga manggagaway para sa itinakdang oras ng isang araw na nalalaman.",
      "footnotes": null
    },
    {
      "ayah_number": 39,
      "translation_tl": "Sinabi sa mga tao: “Kayo kaya ay mga magtitipon?",
      "footnotes": null
    },
    {
      "ayah_number": 40,
      "translation_tl": "Nang sa gayon tayo ay susunod sa mga manggagaway kung sila ay magiging ang mga tagapanaig.”",
      "footnotes": null
    },
    {
      "ayah_number": 41,
      "translation_tl": "Kaya noong dumating na ang mga manggagaway ay nagsabi sila kay Paraon: “Tunay ba na mayroon kami talagang pabuya kung kami ay naging ang mga tagapanaig?”",
      "footnotes": null
    },
    {
      "ayah_number": 42,
      "translation_tl": "Nagsabi [si Paraon]: “Oo, at tunay na kayo samakatuwid ay talagang kabilang sa mga palalapitin [sa akin].”",
      "footnotes": null
    },
    {
      "ayah_number": 43,
      "translation_tl": "Nagsabi sa kanila si Moises: “Pumukol kayo ng anumang kayo ay mga pupukol.”",
      "footnotes": null
    },
    {
      "ayah_number": 44,
      "translation_tl": "Kaya pumukol sila ng mga lubid nila at mga tungkod nila at nagsabi sila: “Sumpa man sa kapangyarihan ni Paraon, tunay na kami, talagang kami, ay ang mga tagapanaig.”",
      "footnotes": null
    },
    {
      "ayah_number": 45,
      "translation_tl": "Kaya pumukol si Moises ng tungkod niya saka biglang ito ay lumalamon sa ipinanlilinlang nila.",
      "footnotes": null
    },
    {
      "ayah_number": 46,
      "translation_tl": "Kaya ipinukol ang mga manggagaway na mga nakapatirapa.",
      "footnotes": null
    },
    {
      "ayah_number": 47,
      "translation_tl": "Nagsabi sila: “Sumampalataya kami sa Panginoon ng mga nilalang,",
      "footnotes": null
    },
    {
      "ayah_number": 48,
      "translation_tl": "ang Panginoon nina Moises at Aaron.”",
      "footnotes": null
    },
    {
      "ayah_number": 49,
      "translation_tl": "Nagsabi [si Paraon]: “Naniwala kayo sa kanya bago ako magpahintulot sa inyo? Tunay na siya ay talagang ang pasimuno ninyo na nagturo sa inyo ng panggagaway, kaya talagang malalaman ninyo. Talagang magpuputul-putol nga ako ng mga kamay ninyo at mga paa ninyo nang magkabilaan at talagang magbibitin nga ako sa inyo nang magkakasama.”",
      "footnotes": null
    },
    {
      "ayah_number": 50,
      "translation_tl": "Nagsabi sila: “Walang kapinsalaan [sa banta sa amin]; tunay na kami ay sa Panginoon namin mga uuwi.",
      "footnotes": null
    },
    {
      "ayah_number": 51,
      "translation_tl": "Tunay na kami ay naghahangad na magpatawad sa amin ang Panginoon namin sa mga pagkakamali namin dahil kami ay naging una sa mga mananampalataya.”",
      "footnotes": null
    },
    {
      "ayah_number": 52,
      "translation_tl": "Nagkasi Kami kay Moises: “Maglakbay ka sa gabi kasama ng mga lingkod Ko; tunay na kayo ay mga susundan.”",
      "footnotes": null
    },
    {
      "ayah_number": 53,
      "translation_tl": "Kaya nagsugo si Paraon sa mga lungsod ng mga tagakalap, [na nagsasabi]:",
      "footnotes": null
    },
    {
      "ayah_number": 54,
      "translation_tl": "“Tunay na ang mga ito ay talagang isang kawang kaunti.",
      "footnotes": null
    },
    {
      "ayah_number": 55,
      "translation_tl": "Tunay na sila sa atin ay talagang mga nagpapangitngit.",
      "footnotes": null
    },
    {
      "ayah_number": 56,
      "translation_tl": "Tunay na tayo ay talagang isang katipunang nag-iingat.”",
      "footnotes": null
    },
    {
      "ayah_number": 57,
      "translation_tl": "Kaya nagpalabas Kami sa kanila mula sa mga hardin at mga bukal,",
      "footnotes": null
    },
    {
      "ayah_number": 58,
      "translation_tl": "at mga kayamanan at pinananatilihang marangal.",
      "footnotes": null
    },
    {
      "ayah_number": 59,
      "translation_tl": "Gayon nga, at nagpamana Kami ng mga ito sa mga anak ni Israel.",
      "footnotes": null
    },
    {
      "ayah_number": 60,
      "translation_tl": "Kaya sumunod ang mga iyon[4] sa kanila nang sumisikat [ang araw].",
      "footnotes": "[4] Ibig sabihin: sina Paraon at ang mga kawal niya."
    },
    {
      "ayah_number": 61,
      "translation_tl": "Kaya noong nagkakitaan ang dalawang pangkat, nagsabi ang mga kasamahan ni Moises: “Tunay na tayo ay talagang mga maaabutan.”",
      "footnotes": null
    },
    {
      "ayah_number": 62,
      "translation_tl": "Nagsabi [si Moises]: “Aba’y hindi; tunay na kasama sa akin, ang Panginoon ko ay magpapatnubay sa akin.”",
      "footnotes": null
    },
    {
      "ayah_number": 63,
      "translation_tl": "Kaya nagkasi Kami kay Moises, na [nagsasabi]: “Hampasin mo ng tungkod mo ang dagat.” Kaya nabiyak iyon saka ang bawat bahagi [ng dagat] ay naging gaya ng bundok na dambuhala.",
      "footnotes": null
    },
    {
      "ayah_number": 64,
      "translation_tl": "Nagpalapit Kami roon ng mga iba pa.[5]",
      "footnotes": "[5] Ibig sabihin: sina Paraon at ang mga kawal niya."
    },
    {
      "ayah_number": 65,
      "translation_tl": "Nagligtas Kami kay Moises at sa sinumang kasama sa kanya nang magkakasama.",
      "footnotes": null
    },
    {
      "ayah_number": 66,
      "translation_tl": "Pagkatapos lumunod Kami sa mga iba.",
      "footnotes": null
    },
    {
      "ayah_number": 67,
      "translation_tl": "Tunay na sa gayon ay talagang may tanda. Ang higit na marami sa kanila ay hindi naging mga mananampalataya.",
      "footnotes": null
    },
    {
      "ayah_number": 68,
      "translation_tl": "Tunay na ang Panginoon mo ay talagang Siya ang Makapangyarihan, ang Maawain.",
      "footnotes": null
    },
    {
      "ayah_number": 69,
      "translation_tl": "Bumigkas ka sa kanila ng balita kay Abraham,",
      "footnotes": null
    },
    {
      "ayah_number": 70,
      "translation_tl": "noong nagsabi siya sa ama niya at mga kababayan niya: “Ano ang sinasamba ninyo?”",
      "footnotes": null
    },
    {
      "ayah_number": 71,
      "translation_tl": "Nagsabi sila: “Sumasamba kami sa mga anito saka nananatili kami sa mga ito na mga namimintuho.”",
      "footnotes": null
    },
    {
      "ayah_number": 72,
      "translation_tl": "Nagsabi [si Abraham]: “Nakaririnig kaya sila sa inyo kapag dumadalangin kayo?",
      "footnotes": null
    },
    {
      "ayah_number": 73,
      "translation_tl": "O nakapagpapakinabang sila sa inyo o nakapipinsala sila?”",
      "footnotes": null
    },
    {
      "ayah_number": 74,
      "translation_tl": "Nagsabi sila: “Bagkus nakatagpo kami sa mga magulang namin na gumagawa ng gayon.”",
      "footnotes": null
    },
    {
      "ayah_number": 75,
      "translation_tl": "Nagsabi [si Abraham]: “Kaya nagsaalang-alang ba kayo sa anumang kayo ay dati nang sumasamba:",
      "footnotes": null
    },
    {
      "ayah_number": 76,
      "translation_tl": "kayo at ang mga ninuno ninyong pinakanauna?",
      "footnotes": null
    },
    {
      "ayah_number": 77,
      "translation_tl": "Tunay na sila ay kaaway para sa akin, maliban sa Panginoon ng mga nilalang,",
      "footnotes": null
    },
    {
      "ayah_number": 78,
      "translation_tl": "na lumikha sa akin saka Siya ay nagpapatnubay sa akin;",
      "footnotes": null
    },
    {
      "ayah_number": 79,
      "translation_tl": "na Siya ay nagpapakain sa akin at nagpapainom sa akin;",
      "footnotes": null
    },
    {
      "ayah_number": 80,
      "translation_tl": "at kapag nagkasakit ako, Siya ay nagpapagaling sa akin;",
      "footnotes": null
    },
    {
      "ayah_number": 81,
      "translation_tl": "na magbibigay-kamatayan sa akin, pagkatapos magbibigay-buhay sa akin;",
      "footnotes": null
    },
    {
      "ayah_number": 82,
      "translation_tl": "na naghahangad ako na magpatawad Siya sa akin sa mga kamalian ko sa Araw ng Pagtutumbas.",
      "footnotes": null
    },
    {
      "ayah_number": 83,
      "translation_tl": "Panginoon ko, magkaloob Ka para sa akin ng karunungan at magsama Ka sa akin sa mga maayos.",
      "footnotes": null
    },
    {
      "ayah_number": 84,
      "translation_tl": "Gumawa Ka para sa akin ng isang magandang pagbubunyi sa mga huling [salinlahi].",
      "footnotes": null
    },
    {
      "ayah_number": 85,
      "translation_tl": "Gumawa Ka sa akin na kabilang sa mga tagapagmana ng Hardin ng Kaginhawahan.",
      "footnotes": null
    },
    {
      "ayah_number": 86,
      "translation_tl": "Magpatawad Ka sa ama ko; tunay na siya noon ay kabilang sa mga ligaw.",
      "footnotes": null
    },
    {
      "ayah_number": 87,
      "translation_tl": "Huwag Kang magpahiya sa akin sa araw na bubuhayin sila:",
      "footnotes": null
    },
    {
      "ayah_number": 88,
      "translation_tl": "sa Araw na walang makapagpapakinabang na yaman ni mga anak,",
      "footnotes": null
    },
    {
      "ayah_number": 89,
      "translation_tl": "maliban sa sinumang pumunta kay Allāh nang may pusong ligtas.[6]",
      "footnotes": "[6] na walang shirk dito, walang pagpapaimbabaw, at walang kapalaluan"
    },
    {
      "ayah_number": 90,
      "translation_tl": "Ilalapit ang Paraiso sa mga tagapangilag magkasala.",
      "footnotes": null
    },
    {
      "ayah_number": 91,
      "translation_tl": "Itatanghal ang Impiyerno sa mga nalilisya.",
      "footnotes": null
    },
    {
      "ayah_number": 92,
      "translation_tl": "Sasabihin sa kanila: “Nasaan na ang dati ninyong sinasamba",
      "footnotes": null
    },
    {
      "ayah_number": 93,
      "translation_tl": "bukod pa kay Allāh? Mag-aadya kaya sila sa inyo o maiaadya sila?",
      "footnotes": null
    },
    {
      "ayah_number": 94,
      "translation_tl": "Kaya ibubulid sila nang pasubsob doon [sa Impiyerno]: sila at ang mga nalilisya,",
      "footnotes": null
    },
    {
      "ayah_number": 95,
      "translation_tl": "at ang mga kawal ni Satanas, na magkakasama.",
      "footnotes": null
    },
    {
      "ayah_number": 96,
      "translation_tl": "Magsasabi sila habang sila roon ay nag-aalitan:",
      "footnotes": null
    },
    {
      "ayah_number": 97,
      "translation_tl": "“Sumpa man kay Allāh, tunay na kami dati ay talagang nasa isang pagkaligaw na malinaw,",
      "footnotes": null
    },
    {
      "ayah_number": 98,
      "translation_tl": "noong nagpapantay kami sa inyo sa Panginoon ng mga nilalang.",
      "footnotes": null
    },
    {
      "ayah_number": 99,
      "translation_tl": "Walang nagligaw sa amin kundi ang mga salarin.[7]",
      "footnotes": "[7] na nag-anyaya sa amin sa pagsamba sa iba pa kay Allāh"
    },
    {
      "ayah_number": 100,
      "translation_tl": "Kaya walang ukol sa amin na anumang mga tagapamagitan,",
      "footnotes": null
    },
    {
      "ayah_number": 101,
      "translation_tl": "ni kaibigang malapit.",
      "footnotes": null
    },
    {
      "ayah_number": 102,
      "translation_tl": "Kaya kung sakaling mayroon kaming panunumbalik [sa Mundo], kami ay magiging kabilang sa mga mananampalataya.",
      "footnotes": null
    },
    {
      "ayah_number": 103,
      "translation_tl": "Tunay na sa gayon ay talagang may tanda. Ang higit na marami sa kanila ay hindi naging mga mananampalataya.",
      "footnotes": null
    },
    {
      "ayah_number": 104,
      "translation_tl": "Tunay na ang Panginoon mo ay talagang Siya ang Makapangyarihan, ang Maawain.",
      "footnotes": null
    },
    {
      "ayah_number": 105,
      "translation_tl": "Nagpasinungaling ang mga kababayan ni Noe sa mga isinugo",
      "footnotes": null
    },
    {
      "ayah_number": 106,
      "translation_tl": "noong nagsabi sa kanila ang kapatid nilang si Noe: “Hindi ba kayo mangingilag magkasala?",
      "footnotes": null
    },
    {
      "ayah_number": 107,
      "translation_tl": "Tunay na ako para sa inyo ay isang sugong mapagkatitiwalaan.",
      "footnotes": null
    },
    {
      "ayah_number": 108,
      "translation_tl": "Kaya mangilag kayong magkasala kay Allāh at tumalima kayo sa akin.",
      "footnotes": null
    },
    {
      "ayah_number": 109,
      "translation_tl": "Hindi ako humihingi sa inyo dahil doon ng anumang pabuya; walang iba ang pabuya sa akin kundi nasa Panginoon ng mga nilalang.",
      "footnotes": null
    },
    {
      "ayah_number": 110,
      "translation_tl": "Kaya mangilag kayong magkasala kay Allāh at tumalima kayo sa akin.”",
      "footnotes": null
    },
    {
      "ayah_number": 111,
      "translation_tl": "Nagsabi sila: “Maniniwala ba kami sa iyo samantalang sumunod sa iyo ang mga pinakahamak?”",
      "footnotes": null
    },
    {
      "ayah_number": 112,
      "translation_tl": "Nagsabi siya: “At ano ang kaalaman ko sa anumang dati nilang ginagawa?",
      "footnotes": null
    },
    {
      "ayah_number": 113,
      "translation_tl": "Walang iba ang pagtutuos sa kanila kundi nasa Panginoon ko, kung sakaling nakararamdam kayo.",
      "footnotes": null
    },
    {
      "ayah_number": 114,
      "translation_tl": "Ako ay hindi magtataboy sa mga mananampalataya.",
      "footnotes": null
    },
    {
      "ayah_number": 115,
      "translation_tl": "Walang iba ako kundi isang mapagbabalang malinaw.”[8]",
      "footnotes": "[8] ng pagdurusang dulot ni Allāh"
    },
    {
      "ayah_number": 116,
      "translation_tl": "Nagsabi sila: “Talagang kung hindi ka titigil, O Noe, talagang ikaw nga ay magiging kabilang sa mga babatuhin.”",
      "footnotes": null
    },
    {
      "ayah_number": 117,
      "translation_tl": "Nagsabi [si Noe]: “Panginoon ko, tunay na ang mga kababayan ko ay nagpasinungaling sa akin.",
      "footnotes": null
    },
    {
      "ayah_number": 118,
      "translation_tl": "Kaya humusga Ka sa pagitan ko at nila ng isang paghuhusga at magligtas Ka sa akin at sa sinumang kasama sa akin kabilang sa mga mananampalataya.”",
      "footnotes": null
    },
    {
      "ayah_number": 119,
      "translation_tl": "Kaya nagligtas Kami sa kanya at sinumang kasama sa kanya sa daong na nilulanan.",
      "footnotes": null
    },
    {
      "ayah_number": 120,
      "translation_tl": "Pagkatapos nilunod Namin, matapos niyan, ang mga naiiwan.",
      "footnotes": null
    },
    {
      "ayah_number": 121,
      "translation_tl": "Tunay na sa gayon ay talagang may tanda. Ang higit na marami sa kanila ay hindi naging mga mananampalataya.",
      "footnotes": null
    },
    {
      "ayah_number": 122,
      "translation_tl": "Tunay na ang Panginoon mo ay talagang Siya ang Makapangyarihan, ang Maawain.",
      "footnotes": null
    },
    {
      "ayah_number": 123,
      "translation_tl": "Nagpasinungaling ang [liping] `Ād sa mga isinugo",
      "footnotes": null
    },
    {
      "ayah_number": 124,
      "translation_tl": "noong nagsabi sa kanila ang kapatid nilang si Hūd: “Hindi ba kayo mangingilag magkasala?",
      "footnotes": null
    },
    {
      "ayah_number": 125,
      "translation_tl": "Tunay na ako para sa inyo ay isang sugong mapagkatitiwalaan.",
      "footnotes": null
    },
    {
      "ayah_number": 126,
      "translation_tl": "Kaya mangilag kayong magkasala kay Allāh at tumalima kayo sa akin.",
      "footnotes": null
    },
    {
      "ayah_number": 127,
      "translation_tl": "Hindi ako humihingi sa inyo dahil doon ng anumang pabuya; walang iba ang pabuya sa akin kundi nasa Panginoon ng mga nilalang.",
      "footnotes": null
    },
    {
      "ayah_number": 128,
      "translation_tl": "Nagpapatayo ba kayo sa bawat mataas na pook ng isang tanda habang nagbiru-biro kayo",
      "footnotes": null
    },
    {
      "ayah_number": 129,
      "translation_tl": "at gumagawa kayo ng mga muog nang sa gayon kayo ay mananatili?",
      "footnotes": null
    },
    {
      "ayah_number": 130,
      "translation_tl": "Kapag dumadaluhong kayo ay dumadaluhong kayo gaya ng mga palasupil.",
      "footnotes": null
    },
    {
      "ayah_number": 131,
      "translation_tl": "Kaya mangilag kayong magkasala kay Allāh at tumalima kayo sa akin.",
      "footnotes": null
    },
    {
      "ayah_number": 132,
      "translation_tl": "Mangilag kayong magkasala sa nagkaloob sa inyo ng nalalaman ninyo.",
      "footnotes": null
    },
    {
      "ayah_number": 133,
      "translation_tl": "Nagkaloob sa inyo ng mga hayupan at mga anak,",
      "footnotes": null
    },
    {
      "ayah_number": 134,
      "translation_tl": "at ng mga hardin at mga bukal.",
      "footnotes": null
    },
    {
      "ayah_number": 135,
      "translation_tl": "Tunay na ako ay nangangamba para sa inyo ng isang pagdurusa sa isang araw na sukdulan.",
      "footnotes": null
    },
    {
      "ayah_number": 136,
      "translation_tl": "Nagsabi sila: “Magkatulad sa amin: nangaral ka man o hindi ka naging kabilang sa mga tagapangaral.",
      "footnotes": null
    },
    {
      "ayah_number": 137,
      "translation_tl": "Walang iba ito kundi kaugalian ng mga sinauna.",
      "footnotes": null
    },
    {
      "ayah_number": 138,
      "translation_tl": "Kami ay hindi mga pagdurusahin.”",
      "footnotes": null
    },
    {
      "ayah_number": 139,
      "translation_tl": "Kaya nagpasinungaling sila sa kanya saka nagpahamak Kami sa kanila. Tunay na sa gayon ay talagang may tanda. Ang higit na marami sa kanila ay hindi naging mga mananampalataya.",
      "footnotes": null
    },
    {
      "ayah_number": 140,
      "translation_tl": "Tunay na ang Panginoon mo ay talagang Siya ang Makapangyarihan, ang Maawain.",
      "footnotes": null
    },
    {
      "ayah_number": 141,
      "translation_tl": "Nagpasinungaling ang [liping]Thamūd sa mga isinugo [ni Allāh]",
      "footnotes": null
    },
    {
      "ayah_number": 142,
      "translation_tl": "noong nagsabi sa kanila ang kapatid nilang si Ṣāliḥ: “Hindi ba kayo mangingilag magkasala?",
      "footnotes": null
    },
    {
      "ayah_number": 143,
      "translation_tl": "Tunay na ako para sa inyo ay isang sugong mapagkatitiwalaan.",
      "footnotes": null
    },
    {
      "ayah_number": 144,
      "translation_tl": "Kaya mangilag kayong magkasala kay Allāh at tumalima kayo sa akin.",
      "footnotes": null
    },
    {
      "ayah_number": 145,
      "translation_tl": "Hindi ako humihingi sa inyo dahil doon ng anumang pabuya; walang iba ang pabuya sa akin kundi nasa Panginoon ng mga nilalang.",
      "footnotes": null
    },
    {
      "ayah_number": 146,
      "translation_tl": "Iiwanan ba kayo sa anumang narito na mga natitiwasay",
      "footnotes": null
    },
    {
      "ayah_number": 147,
      "translation_tl": "sa mga hardin at mga bukal,",
      "footnotes": null
    },
    {
      "ayah_number": 148,
      "translation_tl": "at mga pananim at mga punong datiles na ang mga usbong ng mga ito ay malambot?",
      "footnotes": null
    },
    {
      "ayah_number": 149,
      "translation_tl": "Umuukit kayo mula sa mga bundok ng mga bahay, nang may kabihasaan.",
      "footnotes": null
    },
    {
      "ayah_number": 150,
      "translation_tl": "Kaya mangilag kayong magkasala kay Allāh at tumalima kayo sa akin.",
      "footnotes": null
    },
    {
      "ayah_number": 151,
      "translation_tl": "Huwag kayong tumalima sa utos ng mga nagpapakalabis,",
      "footnotes": null
    },
    {
      "ayah_number": 152,
      "translation_tl": "na nanggugulo sa lupa at hindi nagsasaayos.",
      "footnotes": null
    },
    {
      "ayah_number": 153,
      "translation_tl": "Nagsabi sila: “Ikaw lamang ay kabilang sa mga pinaggagaway.",
      "footnotes": null
    },
    {
      "ayah_number": 154,
      "translation_tl": "Walang iba ka kundi isang taong tulad namin kaya maglahad ng isang tanda kung ikaw ay kabilang sa mga tapat.”",
      "footnotes": null
    },
    {
      "ayah_number": 155,
      "translation_tl": "Nagsabi [si Ṣāliḥ]: “Ito ay isang dumalagang kamelyo. Ukol dito ay pag-inom at ukol sa inyo pag-inom sa isang araw na nalalaman.",
      "footnotes": null
    },
    {
      "ayah_number": 156,
      "translation_tl": "Huwag kayong sumaling dito ng isang kasagwaan para [hindi] kayo daklutin ng isang pagdurusa sa isang araw na sukdulan.”",
      "footnotes": null
    },
    {
      "ayah_number": 157,
      "translation_tl": "Ngunit kinatay nila ito kaya sila ay naging mga nagsisisi.",
      "footnotes": null
    },
    {
      "ayah_number": 158,
      "translation_tl": "Kaya dumaklot sa kanila ang pagdurusa. Tunay na sa gayon ay talagang may tanda. Ang higit na marami sa kanila ay hindi naging mga mananampalataya.",
      "footnotes": null
    },
    {
      "ayah_number": 159,
      "translation_tl": "Tunay na ang Panginoon ay talagang Siya ang Makapangyarihan, ang Maawain.",
      "footnotes": null
    },
    {
      "ayah_number": 160,
      "translation_tl": "Nagpasinungaling ang mga kababayan ni Lot sa mga isinugo [ni Allāh]",
      "footnotes": null
    },
    {
      "ayah_number": 161,
      "translation_tl": "noong nagsabi sa kanila ang kapatid nilang si Lot: “Hindi ba kayo mangingilag magkasala?",
      "footnotes": null
    },
    {
      "ayah_number": 162,
      "translation_tl": "Tunay na ako para sa inyo ay isang sugong mapagkatitiwalaan.",
      "footnotes": null
    },
    {
      "ayah_number": 163,
      "translation_tl": "Kaya mangilag kayong magkasala kay Allāh at tumalima kayo sa akin.",
      "footnotes": null
    },
    {
      "ayah_number": 164,
      "translation_tl": "Hindi ako humihingi sa inyo dahil doon ng anumang pabuya; walang iba ang pabuya sa akin kundi nasa Panginoon ng mga nilalang.",
      "footnotes": null
    },
    {
      "ayah_number": 165,
      "translation_tl": "Pumupunta ba kayo sa mga lalaki[9] ng mga nilalang",
      "footnotes": "[9] Ibig sabihin: Nanghahalay ba kayo sa mga lalaki…"
    },
    {
      "ayah_number": 166,
      "translation_tl": "at nag-iiwan kayo sa nilikha para sa inyo ng Panginoon ninyo na mga asawa ninyo? Bagkus kayo ay mga taong tagalabag.",
      "footnotes": null
    },
    {
      "ayah_number": 167,
      "translation_tl": "Nagsabi sila: “Talagang kung hindi ka titigil, O Lot, talagang ikaw nga ay magiging kabilang sa mga palilisanin.”",
      "footnotes": null
    },
    {
      "ayah_number": 168,
      "translation_tl": "Nagsabi siya: “Tunay na ako sa gawain ninyo ay kabilang sa mga nasusuklam.",
      "footnotes": null
    },
    {
      "ayah_number": 169,
      "translation_tl": "Panginoon ko, iligtas Mo ako at ang mag-anak ko mula sa ginagawa nila.”",
      "footnotes": null
    },
    {
      "ayah_number": 170,
      "translation_tl": "Kaya nagligtas Kami sa kanya at sa mag-anak niya nang magkakasama,",
      "footnotes": null
    },
    {
      "ayah_number": 171,
      "translation_tl": "maliban sa isang matandang babae sa mga nagpapaiwan.",
      "footnotes": null
    },
    {
      "ayah_number": 172,
      "translation_tl": "Pagkatapos winasak Namin ang mga iba pa.",
      "footnotes": null
    },
    {
      "ayah_number": 173,
      "translation_tl": "Nagpaulan Kami sa kanila ng isang ulan, saka kay sagwa ang ulan ng mga binalaan.",
      "footnotes": null
    },
    {
      "ayah_number": 174,
      "translation_tl": "Tunay na sa gayon ay talagang may tanda. Ang higit na marami sa kanila ay hindi naging mga mananampalataya.",
      "footnotes": null
    },
    {
      "ayah_number": 175,
      "translation_tl": "Tunay na ang Panginoon mo ay talagang Siya ang Makapangyarihan, ang Maawain.",
      "footnotes": null
    },
    {
      "ayah_number": 176,
      "translation_tl": "Nagpasinungaling ang mga naninirahan sa kasukalan [ng Midyan] sa mga isinugo",
      "footnotes": null
    },
    {
      "ayah_number": 177,
      "translation_tl": "noong nagsabi sa kanila si Shu`ayb: “Hindi ba kayo mangingilag magkasala?",
      "footnotes": null
    },
    {
      "ayah_number": 178,
      "translation_tl": "Tunay na ako para sa inyo ay isang sugong mapagkatitiwalaan.",
      "footnotes": null
    },
    {
      "ayah_number": 179,
      "translation_tl": "Kaya mangilag kayong magkasala kay Allāh at tumalima kayo sa akin.",
      "footnotes": null
    },
    {
      "ayah_number": 180,
      "translation_tl": "Hindi ako humihingi sa inyo dahil doon ng anumang pabuya; walang iba ang pabuya sa akin kundi nasa Panginoon ng mga nilalang.",
      "footnotes": null
    },
    {
      "ayah_number": 181,
      "translation_tl": "Magpalubus-lubos kayo ng pagtatakal at huwag kayong maging kabilang sa mga tagapagpalugi.",
      "footnotes": null
    },
    {
      "ayah_number": 182,
      "translation_tl": "Tumimbang kayo sa pamamagitan ng timbangang tuwid.",
      "footnotes": null
    },
    {
      "ayah_number": 183,
      "translation_tl": "Huwag kayong magpakulang sa mga tao sa mga bagay-bagay nila, at huwag kayong manampalasan sa lupa bilang mga tagagulo.",
      "footnotes": null
    },
    {
      "ayah_number": 184,
      "translation_tl": "Mangilag kayong magkasala sa lumikha sa inyo at mga salinlahing nauna.",
      "footnotes": null
    },
    {
      "ayah_number": 185,
      "translation_tl": "Nagsabi sila: “Ikaw ay kabilang sa mga pinaggagaway lamang.",
      "footnotes": null
    },
    {
      "ayah_number": 186,
      "translation_tl": "Walang iba ka kundi isang taong tulad namin. Tunay nagpapalagay kami na ikaw ay talagang kabilang sa mga sinungaling.",
      "footnotes": null
    },
    {
      "ayah_number": 187,
      "translation_tl": "Kaya magpabagsak ka sa amin ng tipak-tipak mula sa langit kung ikaw ay naging kabilang sa mga tapat.”",
      "footnotes": null
    },
    {
      "ayah_number": 188,
      "translation_tl": "Nagsabi [si Shu`ayb]: “Ang Panginoon ko ay higit maalam sa anumang ginagawa ninyo.”",
      "footnotes": null
    },
    {
      "ayah_number": 189,
      "translation_tl": "Kaya nagpasinungaling sila sa kanya at dumaklot sa kanila ang pagdurusa sa araw ng maitim na ulap. Tunay na iyon ay naging isang pagdurusa sa isang araw na sukdulan.",
      "footnotes": null
    },
    {
      "ayah_number": 190,
      "translation_tl": "Tunay na sa gayon ay talagang may tanda. Ang higit na marami sa kanila ay hindi naging mga mananampalataya.",
      "footnotes": null
    },
    {
      "ayah_number": 191,
      "translation_tl": "Tunay na ang Panginoon mo ay talagang Siya ang Makapangyarihan, ang Maawain.",
      "footnotes": null
    },
    {
      "ayah_number": 192,
      "translation_tl": "Tunay na [ang Qur’ān na] ito ay talagang pagbababa ng Panginoon ng mga nilalang.",
      "footnotes": null
    },
    {
      "ayah_number": 193,
      "translation_tl": "Bumaba kalakip nito ang Espiritung Mapagkakatiwalaan[10]",
      "footnotes": "[10] na si Anghel Gabriel"
    },
    {
      "ayah_number": 194,
      "translation_tl": "sa puso mo upang ikaw ay maging kabilang sa mga tagapagbabala",
      "footnotes": null
    },
    {
      "ayah_number": 195,
      "translation_tl": "sa pamamagitan ng wikang Arabeng malinaw.",
      "footnotes": null
    },
    {
      "ayah_number": 196,
      "translation_tl": "Tunay na ito ay talagang nasa mga kalatas ng mga sinauna.",
      "footnotes": null
    },
    {
      "ayah_number": 197,
      "translation_tl": "Hindi ba ito para sa kanila naging isang tanda, na makaalam nito ang mga maalam sa mga anak ni Israel?",
      "footnotes": null
    },
    {
      "ayah_number": 198,
      "translation_tl": "Kung sakaling nagbaba Kami nito[11] sa isa sa mga dayuhan",
      "footnotes": "[11] Ibig sabihin: ang Qur’an."
    },
    {
      "ayah_number": 199,
      "translation_tl": "saka bumigkas siya nito sa kanila,[12] hindi sila dahil dito magiging mga mananampalataya.",
      "footnotes": "[12] sa tumpak na wikang Arabe"
    },
    {
      "ayah_number": 200,
      "translation_tl": "Gayon Kami nagsingit nito[13] sa mga puso ng mga salarin.",
      "footnotes": "[13] Ibig sabihin: ng pagkakaila sa Qur’an."
    },
    {
      "ayah_number": 201,
      "translation_tl": "Hindi sila sumasampalataya rito hanggang sa makita nila ang pagdurusang masakit.",
      "footnotes": null
    },
    {
      "ayah_number": 202,
      "translation_tl": "Kaya pupunta ito sa kanila nang biglaan habang sila ay hindi nakararamdam.",
      "footnotes": null
    },
    {
      "ayah_number": 203,
      "translation_tl": "Kaya magsasabi sila: “Tayo kaya ay mga ipagpapaliban?”",
      "footnotes": null
    },
    {
      "ayah_number": 204,
      "translation_tl": "Kaya ba sa pagdurusang dulot Namin ay nagmamadali sila?",
      "footnotes": null
    },
    {
      "ayah_number": 205,
      "translation_tl": "Kaya nakita mo ba kung nagpatamasa Kami sa kanila nang ilang taon?",
      "footnotes": null
    },
    {
      "ayah_number": 206,
      "translation_tl": "Pagkatapos dumating sa kanila ang dating ipinangangako sa kanila.",
      "footnotes": null
    },
    {
      "ayah_number": 207,
      "translation_tl": "Ano ang naidulot para sa kanila ng anumang dating ipinatatamasa sa kanila?",
      "footnotes": null
    },
    {
      "ayah_number": 208,
      "translation_tl": "Hindi Kami nagpahamak ng anumang pamayanan malibang habang mayroon itong mga tagapagbabala",
      "footnotes": null
    },
    {
      "ayah_number": 209,
      "translation_tl": "bilang paalaala, samantalang hindi Kami naging tagalabag sa katarungan.",
      "footnotes": null
    },
    {
      "ayah_number": 210,
      "translation_tl": "Hindi nagbabaan kalakip nito[14] ang mga demonyo.",
      "footnotes": "[14] Ibig sabihin: kalakip ng Qur’an."
    },
    {
      "ayah_number": 211,
      "translation_tl": "Hindi ito nararapat para sa kanila at hindi sila nakakakaya [na magbaba nito].",
      "footnotes": null
    },
    {
      "ayah_number": 212,
      "translation_tl": "Tunay na sila buhat sa pagdinig ay talagang mga ibinukod.",
      "footnotes": null
    },
    {
      "ayah_number": 213,
      "translation_tl": "Kaya huwag kang dumalangin kasama kay Allāh sa isang diyos na iba pa para ikaw ay [hindi] maging kabilang sa mga pagdurusahin.",
      "footnotes": null
    },
    {
      "ayah_number": 214,
      "translation_tl": "Magbabala ka sa angkan mong mga pinakamalalapit na kaanak.",
      "footnotes": null
    },
    {
      "ayah_number": 215,
      "translation_tl": "Magbaba ka ng loob mo para sa sinumang sumunod sa iyo kabilang sa mga mananampalataya.",
      "footnotes": null
    },
    {
      "ayah_number": 216,
      "translation_tl": "Ngunit kung sumuway sila sa iyo ay sabihin mo: “Tunay na ako ay walang-kaugnayan sa anumang ginagawa ninyo.”",
      "footnotes": null
    },
    {
      "ayah_number": 217,
      "translation_tl": "Manalig ka sa Makapangyarihan, Maawain,",
      "footnotes": null
    },
    {
      "ayah_number": 218,
      "translation_tl": "na nakakikita sa iyo kapag bumabangon ka",
      "footnotes": null
    },
    {
      "ayah_number": 219,
      "translation_tl": "at sa paggalaw-galaw mo sa mga nagpapatirapa.",
      "footnotes": null
    },
    {
      "ayah_number": 220,
      "translation_tl": "Tunay na Siya ay ang Madinigin, ang Maalam.",
      "footnotes": null
    },
    {
      "ayah_number": 221,
      "translation_tl": "Magbabalita kaya Ako sa inyo kung sa kanino nagbababaan ang mga demonyo?",
      "footnotes": null
    },
    {
      "ayah_number": 222,
      "translation_tl": "Nagbababaan sila sa bawat manlilinlang na makasalanan,",
      "footnotes": null
    },
    {
      "ayah_number": 223,
      "translation_tl": "habang nagpupukol sila ng napakinggan at ang higit na marami sa kanila ay mga sinungaling.",
      "footnotes": null
    },
    {
      "ayah_number": 224,
      "translation_tl": "Ang mga manunula ay sumusunod sa kanila ang mga nalilisya.",
      "footnotes": null
    },
    {
      "ayah_number": 225,
      "translation_tl": "Hindi mo ba nakita na sila sa bawat larangan ay tumatahak,",
      "footnotes": null
    },
    {
      "ayah_number": 226,
      "translation_tl": "at na sila ay nagsasabi ng hindi nila ginagawa,",
      "footnotes": null
    },
    {
      "ayah_number": 227,
      "translation_tl": "maliban sa mga sumampalataya, gumawa ng mga maayos, nag-alaala kay Allāh nang madalas, at naiadya matapos na labagin sila sa katarungan. Makaaalam ang mga lumabag sa katarungan[15] kung sa aling uwian uuwi sila.",
      "footnotes": "[15] dahil sa pagtatambal kay Allāh at pangangaway sa mga lingkod Niya."
    }
  ]
}