{
  "surah_number": 28,
  "ayahs": [
    {
      "ayah_number": 1,
      "translation_tl": "Tā’. Sīn. Mīm.[1]",
      "footnotes": "[1] Ang Qur’ān ay nasa wikang Arabe na binubuo ng mga titiks Arabe gaya ng mga ito subalit walang isa mang nakagawa ng kahit pinkamaiikling kabanata ng mahimalang kababalaghan ng Qur’ān."
    },
    {
      "ayah_number": 2,
      "translation_tl": "Ang mga ito ay ang mga talata ng Aklat[2] na malinaw.",
      "footnotes": "[2] Ibig sabihin: ang Qur’an."
    },
    {
      "ayah_number": 3,
      "translation_tl": "Bumibigkas Kami sa iyo mula sa balita kay Moises at kay Paraon ayon sa katotohanan para sa mga taong sumasampalataya.",
      "footnotes": null
    },
    {
      "ayah_number": 4,
      "translation_tl": "Tunay na si Paraon ay nagmataas sa lupain at gumawa sa mga naninirahan doon bilang mga kampihan habang naniniil sa isang pangkatin[3] kabilang sa kanila: pinagkakatay niya ang mga lalaking anak nila at pinamumuhay niya ang mga babae nila. Tunay na siya noon ay kabilang sa mga tagagulo.",
      "footnotes": "[3] Ibig sabihin: ang mga anak ni Israel."
    },
    {
      "ayah_number": 5,
      "translation_tl": "Nagnanais Kami na magmagandang-loob Kami sa mga siniil sa lupain,[4] gumawa Kami sa kanila na mga pasimuno, gumawa Kami sa kanila na mga tagapagmana,",
      "footnotes": "[4] Ang mga siniil ay ang mga anak ni Israel."
    },
    {
      "ayah_number": 6,
      "translation_tl": "[Nagnanais Kami na] magbigay-kapangyarihan Kami sa kanila sa lupain at magpakita Kami kay Paraon, kay Hāmān, at sa mga kawal nilang dalawa kabilang sa kanila ng pinangingilagan nila noon.",
      "footnotes": null
    },
    {
      "ayah_number": 7,
      "translation_tl": "Nagkasi Kami sa ina ni Moises, na [nagsasabi]: “Magpasuso ka sa kanya; ngunit kapag nangamba ka para sa kanya ay itapon mo siya sa ilog at huwag kang mangamba at huwag kang malungkot. Tunay na Kami ay magsasauli sa kanya sa iyo at gagawa sa kanya kabilang sa mga isinugo.”",
      "footnotes": null
    },
    {
      "ayah_number": 8,
      "translation_tl": "Kaya napulot siya [sa ilog] ng mag-anak ni Paraon upang siya para sa kanila ay maging isang kaaway at isang kalungkutan. Tunay na si Paraon, si Hāmān, at ang mga kawal nilang dalawa ay mga nagkakamali noon.",
      "footnotes": null
    },
    {
      "ayah_number": 9,
      "translation_tl": "Nagsabi ang maybahay ni Paraon: “Isang ginhawa ng mata para sa akin at para sa iyo, huwag ninyo siyang patayin; marahil magpakinabang siya sa atin o magturing tayo sa kanya bilang anak,” habang sila ay hindi nakararamdam.[5]",
      "footnotes": "[5] sa kauuwian ng paghahari nila sa kamay niya."
    },
    {
      "ayah_number": 10,
      "translation_tl": "Ang puso ng ina ni Moises ay naging hungkag.[6] Tunay na muntik talagang maglantad ito sa kanya[7] kung sakaling hindi Kami nagbigkis sa puso nito upang ito ay maging kabilang sa mga mananampalataya.",
      "footnotes": "[6] sa lahat ng alalahanin maliban kay Moises\n[7] na siya ay anak nito"
    },
    {
      "ayah_number": 11,
      "translation_tl": "Nagsabi ito sa babaing kapatid niya: “Magsubaybay ka sa kanya.” Kaya nakakita iyon sa kanya mula sa malayo habang sila ay hindi nakararamdam.",
      "footnotes": null
    },
    {
      "ayah_number": 12,
      "translation_tl": "Nagbawal Kami sa kanya ng [ibang] mga tagapasuso bago pa niyan, kaya nagsabi [ang kapatid niyang] iyon: “Magtuturo po kaya ako sa inyo ng isang bahay na kakandili sa kanya para sa inyo habang sila sa kanya ay mga tagapagpayo?”",
      "footnotes": null
    },
    {
      "ayah_number": 13,
      "translation_tl": "Kaya nagsauli Kami sa kanya sa ina niya upang guminhawa ang mata nito at hindi ito malungkot at upang makaalam ito na ang pangako ni Allāh ay totoo, subalit ang higit na marami sa kanila ay hindi nakaaalam.",
      "footnotes": null
    },
    {
      "ayah_number": 14,
      "translation_tl": "Noong umabot [si Moises] sa katindihan niya at nalubos siya sa pag-iisip, nagbigay Kami sa kanya ng karunungan at kaalaman. Gayon Kami gumaganti sa mga tagagawa ng maganda.",
      "footnotes": null
    },
    {
      "ayah_number": 15,
      "translation_tl": "Pumasok siya [isang araw] sa lungsod sa isang sandali ng pagkalingat ng mga naninirahan doon saka nakatagpo siya roon ng dalawang lalaking nag-aaway. Itong [una] ay kabilang sa kakampi niya at itong [ikalawa] ay kabilang sa kaaway niya. Nagpasaklolo sa kanya ang kabilang sa kakampi niya laban sa kabilang sa kaaway niya. Kaya binuntal ito ni Moises saka napaslang niya ito. Nagsabi siya: “Ito ay kabilang sa gawain ng demonyo; tunay na siya ay isang kaaway na tagapagligaw na malinaw.”",
      "footnotes": null
    },
    {
      "ayah_number": 16,
      "translation_tl": "Nagsabi [si Moises]: “Panginoon ko, tunay na ako ay lumabag sa katarungan sa sarili ko kaya magpatawad Ka sa akin.” Kaya nagpatawad Siya rito. Tunay na Siya ay ang Mapagpatawad, ang Maawain.",
      "footnotes": null
    },
    {
      "ayah_number": 17,
      "translation_tl": "Nagsabi siya: “Panginoon ko, dahil sa ibiniyaya Mo sa akin, hindi ako magiging isang mapagtaguyod para sa mga salarin.”",
      "footnotes": null
    },
    {
      "ayah_number": 18,
      "translation_tl": "Kaya siya sa lungsod ay naging kinakabahang nag-aantabay, saka biglang ang nagpaadya sa kanya kahapon ay nagpapasalba na naman sa kanya. Nagsabi sa kanya si Moises: “Tunay na Ikaw ay talagang isang lisyang malinaw.”",
      "footnotes": null
    },
    {
      "ayah_number": 19,
      "translation_tl": "Kaya noong nagnais siya na sumunggab sa isang kaaway para sa kanilang dalawa ay nagsabi iyon: “O Moises, nagnanais ka ba na pumatay sa akin gaya ng pagpatay mo ng isang tao kahapon? Wala kang ninanais kundi ikaw ay maging isang palasupil sa lupain at hindi ka nagnanais na ikaw ay maging kabilang sa mga tagapagsaayos.”",
      "footnotes": null
    },
    {
      "ayah_number": 20,
      "translation_tl": "May dumating na isang lalaki mula sa pinakamalayo ng lungsod, na tumatakbo. Nagsabi ito: “O Moises, tunay ang konseho [ng mga tao ni Paraon] ay nagpupulong hinggil sa iyo upang patayin ka nila kaya lumisan ka. Tunay na ako para sa iyo ay kabilang sa mga tagapagpayo.”",
      "footnotes": null
    },
    {
      "ayah_number": 21,
      "translation_tl": "Kaya lumisan siya mula roon habang kinakabahang nag-aantabay. Nagsabi siya: “Panginoon ko, iligtas Mo ako laban sa mga taong tagalabag sa katarungan.”",
      "footnotes": null
    },
    {
      "ayah_number": 22,
      "translation_tl": "Noong nakadako siya sa bandang Madyan ay nagsabi [si Moises]: “Marahil ang Panginoon ko ay magpapatnubay sa akin sa katumpakan ng landas.”",
      "footnotes": null
    },
    {
      "ayah_number": 23,
      "translation_tl": "Noong nakarating siya sa tubigan ng Madyan, nakatagpo siya roon ng isang kalipunan ng mga tao na nagpapainom [ng kawan] at nakatagpo siya bukod pa sa kanila ng dalawang babaing pumipigil [sa kawan]. Nagsabi [si Moises]: “Ano ang lagay ninyong dalawa?” Nagsabi silang dalawa: “Hindi kami nagpapainom [ng kawan] hanggang sa magpaalis ang mga pastol [ng kawan nila]. Ang ama namin ay lubhang matanda.”",
      "footnotes": null
    },
    {
      "ayah_number": 24,
      "translation_tl": "Kaya nagpainom [si Moises sa kawan] para sa kanilang dalawa. Pagkatapos tumalikod siya patungo sa lilim saka nagsabi: “Panginoon ko, tunay na ako, sa pinababa Mo sa akin na anumang biyaya, ay maralita.”",
      "footnotes": null
    },
    {
      "ayah_number": 25,
      "translation_tl": "Saka dumating sa kanya ang isa sa dalawang babae, na naglalakad nang mahiyain. Nagsabi ito: “Tunay na ang ama ko ay nag-aanyaya sa iyo upang gumanti siya sa iyo ng pabuya sa pagpainom mo [sa kawan namin] para sa amin.” Kaya noong dumating siya roon at nagsalaysay siya roon ng mga kasaysayan [niya], nagsabi iyon: “Huwag kang mangamba; naligtas ka mula sa mga taong tagalabag sa katarungan.”",
      "footnotes": null
    },
    {
      "ayah_number": 26,
      "translation_tl": "Nagsabi ang isa sa dalawang babae: “O Ama ko, upahan mo siya; tunay na ang pinakamabuti na sinumang upahan mo ay ang malakas na mapagkakatiwalaan.”",
      "footnotes": null
    },
    {
      "ayah_number": 27,
      "translation_tl": "Nagsabi iyon: “Tunay na ako ay nagnanais na ipakasal ko sa iyo ang isa sa dalawang babaing anak ko na ito sa kundisyong magpaupa ka sa akin nang walong taon, ngunit kung lulubusin mo sa sampung [taon] ay nasa ganang iyo. Hindi ako nagnanais na magpabigat sa iyo. Matatagpuan mo ako, kung niloob ni Allāh, na kabilang sa mga maayos.”",
      "footnotes": null
    },
    {
      "ayah_number": 28,
      "translation_tl": "Nagsabi [si Moises]: “Iyon ay [kasunduan] sa pagitan ko at sa pagitan mo. Alin man sa dalawang taning na matatapos ko ay walang paglabag sa akin. Si Allāh sa anumang sinasabi natin ay Pinananaligan.”",
      "footnotes": null
    },
    {
      "ayah_number": 29,
      "translation_tl": "Kaya noong natapos ni Moises ang taning at humayo siya dala kasama ng mag-anak niya, nakatanaw siya mula sa gilid ng bundok ng isang apoy. Nagsabi siya sa mag-anak niya: “Manatili kayo; tunay na ako ay nakatanaw ng isang apoy. Harinawa ako ay makapaghahatid sa inyo mula roon ng isang ulat o isang baga mula sa apoy nang harinawa kayo ay makapagpapainit.”",
      "footnotes": null
    },
    {
      "ayah_number": 30,
      "translation_tl": "Kaya noong nakapunta siya roon, tinawag siya mula sa kanang pangpang ng lambak, sa pook na pinagpala, mula sa punong-kahoy, na [nagsasabi]: “O Moises, tunay na Ako ay si Allāh, ang Panginoon ng mga nilalang.",
      "footnotes": null
    },
    {
      "ayah_number": 31,
      "translation_tl": "Pumukol ka ng tungkod mo.” Ngunit noong nakita niya ito na kumikislut-kislot na para bang ito ay isang ahas, tumalikod siya habang lumilisan at hindi lumingon. [Sinabi]: “O Moises, lumapit ka at huwag kang mangamba; tunay na ikaw ay kabilang sa mga tiwasay.",
      "footnotes": null
    },
    {
      "ayah_number": 32,
      "translation_tl": "Isingit mo ang kamay mo sa eskotadura mo, lalabas ito na maputi na walang kasagwaan [ng ketong]. Iyapos mo sa iyo ang kamay mo laban sa kilabot. Kaya ang dalawang iyon ay dalawang patotoo mula sa Panginoon mo kay Paraon at sa konseho nito. Tunay na sila noon ay mga taong suwail.”",
      "footnotes": null
    },
    {
      "ayah_number": 33,
      "translation_tl": "Nagsabi [si Moises]: “Panginoon ko, tunay na ako ay nakapatay mula sa kanila ng isang tao kaya nangangamba ako na patayin nila ako.",
      "footnotes": null
    },
    {
      "ayah_number": 34,
      "translation_tl": "Ang kapatid ko na si Aaron ay higit na matatas kaysa sa akin sa dila, kaya isugo Mo siya kasama sa akin bilang alalay na magpapatotoo sa akin. Tunay na ako ay nangangamba na magpasinungaling sila sa akin.”",
      "footnotes": null
    },
    {
      "ayah_number": 35,
      "translation_tl": "Nagsabi Siya: “Magpapalakas Kami sa bisig mo sa pamamagitan ng kapatid mo at maglalagay Kami para sa inyong dalawa ng isang pangingibabaw kaya hindi sila makapagpapaaabot sa inyong dalawa [ng pinsala]. Dahil sa mga tanda Namin, kayong dalawa at ang sinumang sumunod sa inyo ay ang mga tagapanaig.”",
      "footnotes": null
    },
    {
      "ayah_number": 36,
      "translation_tl": "Kaya noong naghatid sa kanila si Moises ng mga tanda Namin bilang mga naglilinaw ay nagsabi sila: “Walang iba ito kundi isang panggagaway na ginawa-gawa. Hindi kami nakarinig ng ganito sa mga ninuno naming sinauna.”",
      "footnotes": null
    },
    {
      "ayah_number": 37,
      "translation_tl": "Nagsabi si Moises: “Ang Panginoon ko ay higit na maalam sa sinumang naghatid ng patnubay mula sa ganang Kanya at sa sinumang magkakaroon ng [mabuting] kahihinatnan sa Tahanan [ng Kaginhawahan]. Tunay na hindi magtatagumpay ang mga tagalabag sa katarungan.",
      "footnotes": null
    },
    {
      "ayah_number": 38,
      "translation_tl": "Nagsabi si Paraon: “O konseho, hindi ko nalamang mayroon kayong isang diyos na iba pa sa Akin. Kaya magpaningas ka para sa akin, O Hāmān, sa luwad, at gumawa ka para sa akin ng isang tore nang sa gayon ako ay makapagmasid sa Diyos ni Moises. Tunay na ako ay talagang nagpapalagay na siya ay kabilang sa mga sinungaling.”",
      "footnotes": null
    },
    {
      "ayah_number": 39,
      "translation_tl": "Nagmalaki siya at ang mga kawal niya sa lupain nang walang karapatan at nagpalagay sila na sila tungo sa Amin ay hindi pababalikin.",
      "footnotes": null
    },
    {
      "ayah_number": 40,
      "translation_tl": "Kaya dumaklot Kami sa kanya at sa mga kawal niya saka itinapon Namin sila sa dagat. Kaya tumingin ka kung papaano naging ang kinahinatnan ng mga tagalabag sa katarungan.",
      "footnotes": null
    },
    {
      "ayah_number": 41,
      "translation_tl": "Gumawa Kami sa kanila bilang mga pasimuno na nag-aanyaya tungo sa Apoy. Sa Araw ng Pagbangon ay hindi sila iaadya.",
      "footnotes": null
    },
    {
      "ayah_number": 42,
      "translation_tl": "Pinasundan Namin sila sa Mundong ito ng isang sumpa. Sa araw ng Pagbangon, sila ay kabilang sa mga pandidirihan.",
      "footnotes": null
    },
    {
      "ayah_number": 43,
      "translation_tl": "Talaga ngang nagbigay Kami kay Moises ng Kasulatan matapos na nagpahamak Kami sa mga sinaunang salinlahi bilang mga pagpapatalos para sa mga tao, bilang patnubay, at bilang awa, nang sa gayon sila ay magsasaalaala.",
      "footnotes": null
    },
    {
      "ayah_number": 44,
      "translation_tl": "Hindi ka noon nasa gilid ng kanluraning bahagi [ng bundok] noong nagtadhana Kami kay Moises ng utos at hindi ka noon kabilang sa mga saksi.",
      "footnotes": null
    },
    {
      "ayah_number": 45,
      "translation_tl": "Subalit Kami ay nagpaluwal ng mga salinlahi saka naghabaan sa kanila ang edad. Hindi ka noon nanunuluyan sa mga naninirahan sa Madyan, na bumibigkas sa kanila ng mga talata Namin [sa Qur’ān], subalit Kami noon ay tagapagsugo.",
      "footnotes": null
    },
    {
      "ayah_number": 46,
      "translation_tl": "Hindi ka noon nasa gilid ng bundok noong nanawagan Kami [kay Moises] subalit [isinugo ka] bilang awa mula sa Panginoon mo upang magbabala ka sa mga taong walang pumunta sa kanila na anumang mapagbabala, bago mo pa, nang sa gayon sila ay magsasaalaala.",
      "footnotes": null
    },
    {
      "ayah_number": 47,
      "translation_tl": "Kung hindi dahil na may tumama sa kanila na isang kasawian dahil sa ipinauna ng mga kamay nila para magsabi sila: “Panginoon Namin, bakit hindi Ka nagsugo sa amin ng isang sugo para sumunod kami sa mga talata Mo at kami ay maging kabilang sa mga mananampalataya?”",
      "footnotes": null
    },
    {
      "ayah_number": 48,
      "translation_tl": "Ngunit noong dumating sa kanila ang katotohanan mula sa ganang Amin ay nagsabi sila: “Bakit hindi siya binigyan ng tulad sa ibinigay kay Moises?” Hindi ba sila tumangging sumampalataya sa ibinigay kay Moises bago pa niyan? Nagsabi sila: “[Ang Qur’ān at ang Torah ay] dalawang panggagaway na nagtataguyudan.” Nagsabi sila: “Tunay na kami sa bawat [isa] ay mga tagatangging sumampalataya.”",
      "footnotes": null
    },
    {
      "ayah_number": 49,
      "translation_tl": "Sabihin mo: “Kaya magbigay kayo ng isang kasulatan mula sa ganang kay Allāh na higit na mapaggabay kaysa sa dalawang ito, susunod ako roon kung kayo ay mga tapat.”",
      "footnotes": null
    },
    {
      "ayah_number": 50,
      "translation_tl": "Ngunit kung hindi sila tumugon sa iyo ay alamin mo na sumusunod lamang sila sa mga pithaya nila. Sino pa ang higit na ligaw kaysa sa sinumang sumunod sa pithaya niya nang walang patnubay mula kay Allāh? Tunay na si Allāh ay hindi nagpapatnubay sa mga taong tagalabag sa katarungan.",
      "footnotes": null
    },
    {
      "ayah_number": 51,
      "translation_tl": "Talaga ngang nagparating Kami sa kanila ng sinabi, nang sa gayon sila ay magsasaalaala.",
      "footnotes": null
    },
    {
      "ayah_number": 52,
      "translation_tl": "Ang mga binigyan Namin ng kasulatan bago pa nito, sila rito ay sumasampalataya.",
      "footnotes": null
    },
    {
      "ayah_number": 53,
      "translation_tl": "Kapag binibigkas ito sa kanila ay nagsasabi sila: “Sumampalataya kami rito. Tunay na ito ay ang katotohanan mula sa Panginoon Namin. Tunay na kami dati bago pa niyon ay mga tagapagpasakop [kay Allāh].”",
      "footnotes": null
    },
    {
      "ayah_number": 54,
      "translation_tl": "Ang mga iyon ay bibigyan ng pabuya nila nang dalawang ulit dahil nagtiis sila at nagtataboy sila sa pamamagitan ng magandang gawa sa masagwang gawa, at mula sa itinustos Namin sa kanila ay gumugugol sila.",
      "footnotes": null
    },
    {
      "ayah_number": 55,
      "translation_tl": "Kapag nakarinig sila ng kabalbalan ay umaayaw sila rito at nagsasabi sila: “Ukol sa amin ang mga gawa namin at ukol sa inyo ang mga gawa ninyo. Kapayapaan sa inyo. Hindi kami naghahangad [ng paraan] ng mga mangmang.”",
      "footnotes": null
    },
    {
      "ayah_number": 56,
      "translation_tl": "Tunay na ikaw ay hindi pumapatnubay sa sinumang inibig mo, subalit si Allāh ay pumapatnubay sa sinumang niloloob Niya. Siya ay higit na maalam sa mga napapatnubayan.",
      "footnotes": null
    },
    {
      "ayah_number": 57,
      "translation_tl": "Nagsabi sila: “Kung susunod kami sa patnubay kasama sa iyo ay pagtatangayin kami [ng mga kaaway] mula sa lupain namin.” Hindi ba nagbigay-kapangyarihan Kami para sa kanila sa isang pinagbanalang tiwasay na hinahakot doon ang mga bunga ng bawat bagay bilang panustos mula sa nasa Amin? Subalit ang higit na marami sa kanila ay hindi nakaaalam.",
      "footnotes": null
    },
    {
      "ayah_number": 58,
      "translation_tl": "Kay rami ng ipinahamak Namin na pamayanang nagpawalang-pakundangan sa pamumuhay nito, kaya iyon ang mga tirahan nila na hindi tinirahan matapos na nila maliban ng kaunti. Laging Kami ay ang Tagapagmana.",
      "footnotes": null
    },
    {
      "ayah_number": 59,
      "translation_tl": "Hindi nangyaring ang Panginoon mo ay magpapahamak ng mga pamayanan hanggang sa magpadala Siya sa ina ng mga ito ng isang sugong bibigkas sa kanila ng mga talata Namin [sa Qur’ān]. Hindi nangyaring Kami ay magpapahamak ng mga pamayanan maliban [kung] ang mga naninirahan sa mga iyon ay mga tagalabag sa katarungan.",
      "footnotes": null
    },
    {
      "ayah_number": 60,
      "translation_tl": "Ang ibinigay sa inyo na anumang bagay ay isang natatamasa sa buhay na pangmundo at gayak nito. Ang nasa ganang kay Allāh ay higit na mabuti at higit na nagtatagal. Kaya hindi ba kayo nakapag-uunawa?",
      "footnotes": null
    },
    {
      "ayah_number": 61,
      "translation_tl": "Kaya ba ang sinumang pinangakuan Namin ng isang pangakong maganda – saka siya ay makakatagpo niyon – ay gaya ng sinumang pinagtamasa Namin ng natatamasa sa buhay na pangmundo, pagkatapos siya sa Araw ng Pagbangon ay kabilang sa mga padadaluhin [sa Impiyerno]?",
      "footnotes": null
    },
    {
      "ayah_number": 62,
      "translation_tl": "[Banggitin] ang araw na mananawagan Siya sa kanila saka magsasabi: “Nasaan ang mga katambal sa Akin na dati ninyong inaangkin?”",
      "footnotes": null
    },
    {
      "ayah_number": 63,
      "translation_tl": "Nagsabi ang mga magkakatotoo sa kanila ang pag-atas [ng pagdurasa]: “Panginoon namin, ang mga inilisya naming ito ay inilisya namin sila kung paanong nalisya kami. Nagpapawalang-kaugnayan kami sa harap Mo [mula sa kanila]. Hindi dati sila sa Amin sumasamba.”",
      "footnotes": null
    },
    {
      "ayah_number": 64,
      "translation_tl": "Sasabihin: “Dumalangin kayo sa mga pantambal ninyo,” saka dadalangin sila sa mga iyon ngunit hindi tutugon ang mga iyon sa kanila at makikita nila ang pagdurusa. Kung sana sila noon ay napapatnubayan.",
      "footnotes": null
    },
    {
      "ayah_number": 65,
      "translation_tl": "[Banggitin] ang araw na mananawagan Siya sa kanila saka magsasabi Siya: “Ano ang isinagot ninyo sa mga isinugo [ni Allāh]?”",
      "footnotes": null
    },
    {
      "ayah_number": 66,
      "translation_tl": "Ngunit nalingid sa kanila ang mga balita sa Araw na iyon kaya sila ay hindi magtatanungan.",
      "footnotes": null
    },
    {
      "ayah_number": 67,
      "translation_tl": "Ngunit hinggil sa sinumang nagbalik-loob, sumampalataya, at gumawa ng maayos, marahil siya ay maging kabilang sa mga magtatagumpay.",
      "footnotes": null
    },
    {
      "ayah_number": 68,
      "translation_tl": "Ang Panginoon mo ay lumilikha ng anumang niloloob Niya at pinipili Niya. Hindi naging ukol sa kanila ang pagpili. Kaluwalhatian kay Allāh at napakataas Siya higit sa anumang itinatambal nila.",
      "footnotes": null
    },
    {
      "ayah_number": 69,
      "translation_tl": "Ang Panginoon mo ay nakaaalam sa anumang kinimkim ng mga dibdib nila at anumang ipinahahayag nila.",
      "footnotes": null
    },
    {
      "ayah_number": 70,
      "translation_tl": "Siya ay si Allāh; walang Diyos kundi Siya. Ukol sa Kanya ang papuri sa Unang-buhay at Kabilang-buhay. Ukol sa Kanya ang paghahatol at tungo sa Kanya pababalikin kayo.",
      "footnotes": null
    },
    {
      "ayah_number": 71,
      "translation_tl": "Sabihin mo: “Nakakita ba kayo – kung gumawa si Allāh laban sa inyo ng gabi bilang patuloy hanggang sa Araw ng Pagbangon – kung sino ang isang diyos na iba pa kay Allāh, na magdadala sa inyo ng isang tanglaw? Kaya hindi ba kayo nakaririnig?”",
      "footnotes": null
    },
    {
      "ayah_number": 72,
      "translation_tl": "Sabihin mo: “Nakakita ba kayo – kung gumawa si Allāh laban sa inyo ng gabi bilang patuloy hanggang sa Araw ng Pagbangon – kung sino ang isang diyos na iba pa kay Allāh, na magdadala sa inyo ng isang gabi na tatahan kayo roon? Kaya hindi ba kayo nakakikita?”",
      "footnotes": null
    },
    {
      "ayah_number": 73,
      "translation_tl": "Bahagi ng awa Niya, gumawa Siya para inyo ng gabi at maghapon upang mamahinga kayo roon at upang maghanap kayo ng kagandahang-loob Niya, at nang sa gayon kayo ay magpapasalamat.",
      "footnotes": null
    },
    {
      "ayah_number": 74,
      "translation_tl": "[Banggitin] ang araw na mananawagan Siya sa kanila saka magsasabi: “Nasaan ang mga katambal sa Akin na dati ninyong inaangkin?”",
      "footnotes": null
    },
    {
      "ayah_number": 75,
      "translation_tl": "Huhugot Kami mula sa bawat kalipunan ng isang saksi, saka magsasabi Kami [sa mga tagapagpasinungaling]: “Magbigay kayo ng patotoo ninyo,” saka makaaalam sila na ang katotohanan ay sa kay Allāh. Mawawala sa kanila ang dati nilang ginagawa-gawa [na mga diyus-diyusan].",
      "footnotes": null
    },
    {
      "ayah_number": 76,
      "translation_tl": "Tunay na si Qārūn noon ay kabilang sa mga kalipi ni Moises ngunit nagpakapalalo siya sa kanila. Nagbigay Kami sa kanya ng mga kayamanan, na tunay na ang mga susi niya ay talagang makabibigat sa pangkat na mga may lakas. Noong [nagpakapalalo siya,] nagsabi sa kanya ang mga kalipi niya: “Huwag kang matuwa; tunay na si Allāh ay hindi umiibig sa mga natutuwa [gaya nito].",
      "footnotes": null
    },
    {
      "ayah_number": 77,
      "translation_tl": "Hangarin mo sa anumang ibinigay sa iyo ni Allāh ang tahanan sa Kabilang-buhay at huwag mong kalimutan ang bahagi mo sa Mundo. Gumawa ka ng maganda kung paanong gumawa ng maganda si Allāh sa iyo at huwag mong hangarin ang kaguluhan sa lupa; tunay na si Allāh ay hindi umiibig sa mga tagagulo.”",
      "footnotes": null
    },
    {
      "ayah_number": 78,
      "translation_tl": "Nagsabi [si Qārūn]: “Binigyan lamang ako nito dahil sa isang kaalamang taglay ko.” Hindi ba siya nakaalam na si Allāh ay nagpahamak nga bago pa niya ng mga salinlahi na higit na matindi kaysa sa kanya sa lakas at higit na marami sa natipon. Hindi tatanungin tungkol sa mga pagkakasala nila ang mga salarin.[8]",
      "footnotes": "[8] Ibig sabihin: hindi tatanungin ang mga salarin tungkol sa pagkakasala nila dahil sa kaalaman ni Allāh dito bagkus ang tanong sa kanila ay tanong ng paninisi at pagsumbat."
    },
    {
      "ayah_number": 79,
      "translation_tl": "Kaya lumabas siya sa mga kalipi niya sa gayak niya. Nagsabi ang mga nagnanais sa buhay na pangmundo: “O kung sana mayroon tayong tulad ng ibinigay kay Qārūn; tunay na siya ay talagang may isang bahaging sukdulan.”",
      "footnotes": null
    },
    {
      "ayah_number": 80,
      "translation_tl": "Nagsabi naman ang mga binigyan ng kaalaman: “Kapighatian sa inyo! Ang gantimpala ni Allāh ay higit na mabuti para sa sinumang sumampalataya at gumawa ng maayos. Walang gagawaran niyon kundi ang mga tagapagtiis.”",
      "footnotes": null
    },
    {
      "ayah_number": 81,
      "translation_tl": "Kaya ipinalamon Namin si Qārūn at ang tahanan niya sa lupa. Hindi siya nagkaroon ng anumang pangkat na mag-aadya sa kanya bukod pa kay Allāh at hindi nangyaring siya ay kabilang sa mga inaadya.",
      "footnotes": null
    },
    {
      "ayah_number": 82,
      "translation_tl": "Kinaumagahan, ang mga nagmithi ng kinalalagyan niya kahapon ay nagsasabi: “Sayang ka na si Allāh ay nagpapaluwag sa panustos para sa sinumang niloloob Niya kabilang sa mga lingkod Niya at naghihigpit.” Kung sakaling hindi nagmagandang-loob si Allāh sa atin ay talaga sanang nagpalamon Siya sa atin [sa lupa]. Sayang ka na hindi nagtatagumpay[9] ang mga tagatangging sumampalataya.”",
      "footnotes": "[9] sa Mundo at Kabilang-buhay"
    },
    {
      "ayah_number": 83,
      "translation_tl": "Ang Tahanang Pangkabilang-buhay na iyon ay itatalaga Namin para sa mga hindi nagnanais ng kataasan sa lupa ni ng kaguluhan. Ang [mabuting] kahihinatnan ay ukol sa mga tagapangilag magkasala.",
      "footnotes": null
    },
    {
      "ayah_number": 84,
      "translation_tl": "Ang sinumang naghatid ng magandang gawa, ukol sa kanya ay higit na mabuti kaysa roon. Ang sinumang naghatid ng masagwang gawa, walang igaganti sa mga gumawa ng mga masagwang gawa kundi ang dati nilang ginagawa.",
      "footnotes": null
    },
    {
      "ayah_number": 85,
      "translation_tl": "Tunay na ang nagsatungkulin sa iyo ng Qur’ān ay talagang ang tagapagpabalik sa iyo tungo sa pinanunumbalikan.[10] Sabihin mo: “Ang Panginoon ko ay higit na maalam sa sinumang naghatid ng patnubay at sinumang nasa isang pagkaligaw na malinaw.”",
      "footnotes": "[10] Ibig sabihin: ang Makkah."
    },
    {
      "ayah_number": 86,
      "translation_tl": "Hindi ka dati nag-aasam na iparating sa iyo ang Aklat maliban bilang awa mula sa Panginoon mo. Kaya huwag ngang maging isang mapagtaguyod para sa mga tagatangging sumampalataya.",
      "footnotes": null
    },
    {
      "ayah_number": 87,
      "translation_tl": "Huwag nga silang[11] sasagabal sa iyo sa mga talata ni Allāh matapos noong pinababa ang mga ito sa iyo. Mag-anyaya ka tungo sa Panginoon mo at huwag ka ngang maging kabilang sa mga tagapagtambal.",
      "footnotes": "[11] Ibig sabihin: ang mga tagapagtambal."
    },
    {
      "ayah_number": 88,
      "translation_tl": "Huwag kang manalangin kasama kay Allāh sa isang diyos na iba pa; walang Diyos kundi Siya. Bawat bagay ay masasawi maliban sa mukha Niya. Ukol sa Kanya ang paghahatol at tungo sa Kanya pababalikin kayo.",
      "footnotes": null
    }
  ]
}