{
  "surah_number": 37,
  "ayahs": [
    {
      "ayah_number": 1,
      "translation_tl": "Sumpa man [ni Allāh] sa mga [anghel na] nakahanay sa isang hanay [para sa pagsamba sa Kanya],",
      "footnotes": null
    },
    {
      "ayah_number": 2,
      "translation_tl": "saka sa mga [mga anghel na] tagapagtabog sa isang pagtatabog [ng mga ulap],",
      "footnotes": null
    },
    {
      "ayah_number": 3,
      "translation_tl": "saka sa mga [anghel na] bumibigkas ng isang paalaala [ni Allāh];",
      "footnotes": null
    },
    {
      "ayah_number": 4,
      "translation_tl": "tunay na ang Diyos ninyo ay talagang nag-iisa,",
      "footnotes": null
    },
    {
      "ayah_number": 5,
      "translation_tl": "ang Panginoon ng mga langit at lupa at anumang nasa pagitan ng mga ito at ang Panginoon ng mga silangan.",
      "footnotes": null
    },
    {
      "ayah_number": 6,
      "translation_tl": "Tunay na Kami ay gumayak sa langit na pinakamababa ng gayak: ang mga tala,",
      "footnotes": null
    },
    {
      "ayah_number": 7,
      "translation_tl": "at bilang pangangalaga laban sa bawat demonyong naghihimagsik.",
      "footnotes": null
    },
    {
      "ayah_number": 8,
      "translation_tl": "Hindi sila nakikinig-kinig sa konsehong pinakamataas [malibang] habang pinupukol sila mula sa bawat gilid",
      "footnotes": null
    },
    {
      "ayah_number": 9,
      "translation_tl": "sa isang pagpapalayas. Ukol sa mga ito ay isang pagdurusang palagian,",
      "footnotes": null
    },
    {
      "ayah_number": 10,
      "translation_tl": "maliban sa sinumang humahablot ng hablot [na salita] ngunit sinusundan siya ng isang ningas na nanunuot.",
      "footnotes": null
    },
    {
      "ayah_number": 11,
      "translation_tl": "Kaya magsiyasat ka sa kanila [na nagkakaila ng pagkabuhay]: “Sila ba ay higit na matindi sa pagkakalikha o ang [ibang] nilikha Namin?” Tunay na Kami ay lumikha sa kanila mula sa isang putik na malagkit.",
      "footnotes": null
    },
    {
      "ayah_number": 12,
      "translation_tl": "Bagkus namangha ka [sa kapalaluan nila] habang nanunuya sila [sa iyo at sa Qur’ān].",
      "footnotes": null
    },
    {
      "ayah_number": 13,
      "translation_tl": "Kapag pinaalalahanan sila ay hindi sila nag-aalaala.",
      "footnotes": null
    },
    {
      "ayah_number": 14,
      "translation_tl": "Kapag nakakita sila ng isang tanda ay ipinatutuya nila.",
      "footnotes": null
    },
    {
      "ayah_number": 15,
      "translation_tl": "Nagsasabi sila: “Walang iba ito kundi isang panggagaway na malinaw.",
      "footnotes": null
    },
    {
      "ayah_number": 16,
      "translation_tl": "Kapag namatay ba kami at kami ay naging alabok at mga buto, tunay bang kami ay talagang mga bubuhayin [mula sa pagkamatay]",
      "footnotes": null
    },
    {
      "ayah_number": 17,
      "translation_tl": "at ang mga ninuno ba naming sinauna?”",
      "footnotes": null
    },
    {
      "ayah_number": 18,
      "translation_tl": "Sabihin mo: “Oo, at kayo ay mga aabahin.”",
      "footnotes": null
    },
    {
      "ayah_number": 19,
      "translation_tl": "Saka ito ay nag-iisang bulyaw lamang, saka biglang sila ay nakatingin.",
      "footnotes": null
    },
    {
      "ayah_number": 20,
      "translation_tl": "Magsasabi sila: “O kapighatian sa amin! Ito ay ang Araw ng Pagtutumbas.”",
      "footnotes": null
    },
    {
      "ayah_number": 21,
      "translation_tl": "[Sasabihin sa kanila:] “Ito ay ang Araw ng Pagpapasya na kayo dati dito ay nagpapasinungaling.”",
      "footnotes": null
    },
    {
      "ayah_number": 22,
      "translation_tl": "[Sasabihin sa mga anghel]: “Kalapin ninyo ang mga lumabag sa katarungan, ang mga kauri nila, at ang anumang dati nilang sinasamba",
      "footnotes": null
    },
    {
      "ayah_number": 23,
      "translation_tl": "bukod pa kay Allāh, saka patnubayan ninyo sila tungo sa landasin ng Impiyerno,",
      "footnotes": null
    },
    {
      "ayah_number": 24,
      "translation_tl": "at patigilin ninyo sila; tunay na sila ay mga pananagutin.”",
      "footnotes": null
    },
    {
      "ayah_number": 25,
      "translation_tl": "[Sasabihin]: “Ano ang mayroon sa inyo [na mga tagatangging sumampalataya] na hindi kayo nag-aadyaan?”",
      "footnotes": null
    },
    {
      "ayah_number": 26,
      "translation_tl": "Bagkus sila sa Araw na iyon ay mga susuko.",
      "footnotes": null
    },
    {
      "ayah_number": 27,
      "translation_tl": "Lalapit ang iba sa kanila sa iba pa, na nagtatanungan.",
      "footnotes": null
    },
    {
      "ayah_number": 28,
      "translation_tl": "Magsasabi sila: “Tunay kayo ay dating pumupunta sa amin buhat sa kanan.”",
      "footnotes": null
    },
    {
      "ayah_number": 29,
      "translation_tl": "Magsasabi sila: “Bagkus hindi kayo dati mga mananampalataya.",
      "footnotes": null
    },
    {
      "ayah_number": 30,
      "translation_tl": "Hindi kami nagkaroon sa inyo ng anumang kapamahalaan; bagkus kayo dati ay mga taong tagapagmalabis.",
      "footnotes": null
    },
    {
      "ayah_number": 31,
      "translation_tl": "Kaya nagindapat sa atin ang pag-atas ng Panginoon natin; tunay na tayo ay talagang mga lalasap [ng pagdurusa].",
      "footnotes": null
    },
    {
      "ayah_number": 32,
      "translation_tl": "Kaya naglisya kami sa inyo; tunay na kami ay dating mga nalilisya.”",
      "footnotes": null
    },
    {
      "ayah_number": 33,
      "translation_tl": "Kaya tunay na sila sa Araw na iyon sa pagdurusa ay mga lumalahok.",
      "footnotes": null
    },
    {
      "ayah_number": 34,
      "translation_tl": "Tunay na Kami ay gagawa ng gayon sa mga salarin.",
      "footnotes": null
    },
    {
      "ayah_number": 35,
      "translation_tl": "Tunay na sila dati, kapag sinabi sa kanila na walang Diyos [na karapat-dapat sa pagsamba] kundi si Allāh, ay nagmamalaki",
      "footnotes": null
    },
    {
      "ayah_number": 36,
      "translation_tl": "at nagsasabi: “Tunay na kami ba ay talagang mga mag-iiwan sa mga diyos namin dahil sa isang manunulang baliw?”",
      "footnotes": null
    },
    {
      "ayah_number": 37,
      "translation_tl": "Bagkus naghatid siya, [si Propeta Muḥammad], ng katotohanan at nagpatotoo sa mga [naunang] isinugo [ni Allāh].",
      "footnotes": null
    },
    {
      "ayah_number": 38,
      "translation_tl": "Tunay na kayo ay talagang mga lalasap ng pagdurusang masakit.",
      "footnotes": null
    },
    {
      "ayah_number": 39,
      "translation_tl": "Hindi kayo ginagantihan maliban ng ayon sa dati ninyong ginagawa,",
      "footnotes": null
    },
    {
      "ayah_number": 40,
      "translation_tl": "maliban sa mga itinanging lingkod ni Allāh.",
      "footnotes": null
    },
    {
      "ayah_number": 41,
      "translation_tl": "Ang mga iyon ay may ukol sa kanila na isang panustos na nalalaman [sa Paraiso]:",
      "footnotes": null
    },
    {
      "ayah_number": 42,
      "translation_tl": "mga bungang-kahoy, habang sila ay mga pinararangalan",
      "footnotes": null
    },
    {
      "ayah_number": 43,
      "translation_tl": "sa mga hardin ng kaginhawahan,",
      "footnotes": null
    },
    {
      "ayah_number": 44,
      "translation_tl": "sa mga kama na mga magkakaharap.",
      "footnotes": null
    },
    {
      "ayah_number": 45,
      "translation_tl": "Magpapaikot sa kanila ng kopa [ng alak] mula sa isang [bukal na] umaagos,",
      "footnotes": null
    },
    {
      "ayah_number": 46,
      "translation_tl": "na maputi, na kasarapan para sa mga iinom.",
      "footnotes": null
    },
    {
      "ayah_number": 47,
      "translation_tl": "Wala ritong kalanguan ni sila buhat dito ay palalasingin.",
      "footnotes": null
    },
    {
      "ayah_number": 48,
      "translation_tl": "Sa piling nila ay may mga babaing naglilimita ng sulyap, na [may magandang] mga mata,",
      "footnotes": null
    },
    {
      "ayah_number": 49,
      "translation_tl": "na para bang sila ay mga itlog na itinatago.",
      "footnotes": null
    },
    {
      "ayah_number": 50,
      "translation_tl": "Kaya lalapit ang iba sa kanila sa iba pa habang nagtatanungan.",
      "footnotes": null
    },
    {
      "ayah_number": 51,
      "translation_tl": "Sasabihin ng isang magsasabi kabilang sa kanila: “Tunay na ako ay dating may isang kapisan",
      "footnotes": null
    },
    {
      "ayah_number": 52,
      "translation_tl": "na nagsasabi: “Tunay na ikaw ba ay talagang kabilang sa mga tagapagpatotoo [sa pagbuhay ng mga patay]?",
      "footnotes": null
    },
    {
      "ayah_number": 53,
      "translation_tl": "Kapag ba namatay ba kami at kami ay naging alabok at mga buto, tunay bang kami ay talagang mga tutumbasan?”",
      "footnotes": null
    },
    {
      "ayah_number": 54,
      "translation_tl": "Magsasabi ito: “Kayo kaya ay mga titingin?”",
      "footnotes": null
    },
    {
      "ayah_number": 55,
      "translation_tl": "Kaya titingin ito saka makikita nito iyon sa kalagitnaan ng Impiyerno.",
      "footnotes": null
    },
    {
      "ayah_number": 56,
      "translation_tl": "Magsasabi ito: “Sumpa man kay Allāh, tunay na muntik ka talagang sumawi sa akin.",
      "footnotes": null
    },
    {
      "ayah_number": 57,
      "translation_tl": "Kung hindi dahil sa biyaya ng Panginoon ko, talaga sanang ako ay naging kabilang na sa mga padadaluhin [sa pagdurusa].",
      "footnotes": null
    },
    {
      "ayah_number": 58,
      "translation_tl": "Kaya ba tayo ay hindi mga namatay,",
      "footnotes": null
    },
    {
      "ayah_number": 59,
      "translation_tl": "maliban sa pagkamatay nating una, at tayo ay hindi mga pagdurusahin?”",
      "footnotes": null
    },
    {
      "ayah_number": 60,
      "translation_tl": "Tunay na ito ay talagang ang pagkatamong sukdulan.",
      "footnotes": null
    },
    {
      "ayah_number": 61,
      "translation_tl": "Para sa tulad nito ay gumawa ang mga tagagawa.",
      "footnotes": null
    },
    {
      "ayah_number": 62,
      "translation_tl": "Iyon ba ay higit na mabuti bilang tuluyan o ang puno ng zaqqūm?",
      "footnotes": null
    },
    {
      "ayah_number": 63,
      "translation_tl": "Tunay na Kami ay gumawa roon bilang pagsubok para sa mga tagalabag sa katarungan.",
      "footnotes": null
    },
    {
      "ayah_number": 64,
      "translation_tl": "Tunay na ito ay isang punong-kahoy na lumalabas sa ugat ng Impiyerno.",
      "footnotes": null
    },
    {
      "ayah_number": 65,
      "translation_tl": "Ang mga usbong nito ay para bang ang mga iyon ay mga ulo ng mga demonyo.",
      "footnotes": null
    },
    {
      "ayah_number": 66,
      "translation_tl": "Saka tunay na sila ay talagang mga kakain mula rito saka mga pupuno mula rito ng mga tiyan [nila].",
      "footnotes": null
    },
    {
      "ayah_number": 67,
      "translation_tl": "Pagkatapos tunay na ukol sa kanila higit doon ay talagang isang halo ng nakapapasong tubig.",
      "footnotes": null
    },
    {
      "ayah_number": 68,
      "translation_tl": "Pagkatapos tunay na ang babalikan nila ay talagang tungo sa Impiyerno.",
      "footnotes": null
    },
    {
      "ayah_number": 69,
      "translation_tl": "Tunay na sila ay nakasumpong sa mga magulang nila na mga naliligaw.",
      "footnotes": null
    },
    {
      "ayah_number": 70,
      "translation_tl": "Kaya sila sa mga bakas ng mga iyon ay nag-aapura.",
      "footnotes": null
    },
    {
      "ayah_number": 71,
      "translation_tl": "Talaga ngang naligaw bago nila ang higit na marami sa mga sinauna.",
      "footnotes": null
    },
    {
      "ayah_number": 72,
      "translation_tl": "Talaga ngang nagsugo Kami sa gitna nila ng mga tagapagbabala.",
      "footnotes": null
    },
    {
      "ayah_number": 73,
      "translation_tl": "Kaya tumingin ka kung papaano naging ang kinahinatnan ng mga binalaan [ngunit hindi pumansin],",
      "footnotes": null
    },
    {
      "ayah_number": 74,
      "translation_tl": "maliban sa mga itinanging lingkod ni Allāh.",
      "footnotes": null
    },
    {
      "ayah_number": 75,
      "translation_tl": "Talaga ngang nanawagan sa Amin si Noe, saka talagang kay inam ang Tagatugon [sa panalangin].",
      "footnotes": null
    },
    {
      "ayah_number": 76,
      "translation_tl": "Nagligtas Kami sa kanya at sa mag-anak niya mula sa dalamhating sukdulan [ng paggunaw].",
      "footnotes": null
    },
    {
      "ayah_number": 77,
      "translation_tl": "Gumawa Kami sa mga supling niya na sila ay ang mga natitira.",
      "footnotes": null
    },
    {
      "ayah_number": 78,
      "translation_tl": "Nag-iwan Kami para sa kanya ng [magandang alaala] sa mga nahuli.",
      "footnotes": null
    },
    {
      "ayah_number": 79,
      "translation_tl": "Kapayapaan ay sumakay Noe sa mga nilalang.",
      "footnotes": null
    },
    {
      "ayah_number": 80,
      "translation_tl": "Tunay na Kami ay gayon gumaganti sa mga tagagawa ng maganda.",
      "footnotes": null
    },
    {
      "ayah_number": 81,
      "translation_tl": "Tunay na siya ay kabilang sa mga lingkod Naming mga mananampalataya.",
      "footnotes": null
    },
    {
      "ayah_number": 82,
      "translation_tl": "Pagkatapos nilunod Namin ang mga iba pa.",
      "footnotes": null
    },
    {
      "ayah_number": 83,
      "translation_tl": "Tunay na kabilang sa kakampi niya ay talagang si Abraham",
      "footnotes": null
    },
    {
      "ayah_number": 84,
      "translation_tl": "noong dumating siya sa Panginoon niya nang may pusong malinis,",
      "footnotes": null
    },
    {
      "ayah_number": 85,
      "translation_tl": "noong nagsabi siya sa ama niya at mga kababayan niya: “Ano ang sinasamba ninyo?",
      "footnotes": null
    },
    {
      "ayah_number": 86,
      "translation_tl": "Isang panlilinlang ba na mga diyos bukod pa kay Allāh, na ninanais ninyo?",
      "footnotes": null
    },
    {
      "ayah_number": 87,
      "translation_tl": "Kaya ano ang palagay ninyo sa Panginoon ng mga nilalang?”",
      "footnotes": null
    },
    {
      "ayah_number": 88,
      "translation_tl": "Kaya tumingin siya nang isang tingin sa mga bituin,",
      "footnotes": null
    },
    {
      "ayah_number": 89,
      "translation_tl": "saka nagsabi: “Tunay na ako ay [magiging] maysakit.”",
      "footnotes": null
    },
    {
      "ayah_number": 90,
      "translation_tl": "Kaya tumalikod sila palayo sa kanya habang mga lumilisan.",
      "footnotes": null
    },
    {
      "ayah_number": 91,
      "translation_tl": "Kaya tumalilis siya sa mga diyos nila saka nagsabi: “Hindi ba kayo kumakain [ng mga alay sa inyo]?",
      "footnotes": null
    },
    {
      "ayah_number": 92,
      "translation_tl": "Ano ang mayroon sa inyo na hindi kayo bumibigkas?”",
      "footnotes": null
    },
    {
      "ayah_number": 93,
      "translation_tl": "Kaya tumalilis siya laban sa kanila ng isang hampas sa pamamagitan ng kanang kamay.",
      "footnotes": null
    },
    {
      "ayah_number": 94,
      "translation_tl": "Kaya lumapit [ang mga mananamba ng anito] patungo sa kanya, na kumakaripas.",
      "footnotes": null
    },
    {
      "ayah_number": 95,
      "translation_tl": "Nagsabi [si Abraham]: “Sumasamba ba kayo sa nilililok ninyo",
      "footnotes": null
    },
    {
      "ayah_number": 96,
      "translation_tl": "samantalang si Allāh ay lumikha sa inyo at sa ginagawa ninyo?”",
      "footnotes": null
    },
    {
      "ayah_number": 97,
      "translation_tl": "Nagsabi sila: “Magpatayo kayo para sa kanya ng isang gusali, saka itapon ninyo siya sa Impiyerno.”",
      "footnotes": null
    },
    {
      "ayah_number": 98,
      "translation_tl": "Kaya nagnais sila sa kanya ng isang panlalansi ngunit gumawa Kami sa kanila bilang ang mga pinakamababa.",
      "footnotes": null
    },
    {
      "ayah_number": 99,
      "translation_tl": "Nagsabi [si Abraham]: “Tunay na ako ay pupunta sa Panginoon ko; magpapatnubay Siya sa akin.",
      "footnotes": null
    },
    {
      "ayah_number": 100,
      "translation_tl": "Panginoon ko, magkaloob Ka para sa akin [ng anak] kabilang sa mga maayos.”",
      "footnotes": null
    },
    {
      "ayah_number": 101,
      "translation_tl": "Kaya nagbalita Kami sa kanya ng nakagagalak hinggil sa isang batang matimpiin.",
      "footnotes": null
    },
    {
      "ayah_number": 102,
      "translation_tl": "Kaya noong umabot ito kasama sa kanya sa [gulang ng] pagpupunyagi ay nagsabi siya: “O munting anak ko, tunay na ako ay nakakikita sa pagtulog na ako ay kumakatay sa iyo, kaya tumingin ka kung ano nakikita mo.” Nagsabi si Ismael: “O ama ko, gawin mo po ang ipinag-uutos sa iyo. Matatagpuan mo po ako, kung niloob ni Allāh, kabilang sa mga nagtitiis.”",
      "footnotes": null
    },
    {
      "ayah_number": 103,
      "translation_tl": "Kaya noong nagpasakop silang dalawa [si utos ni Allāh] at naglapag siya rito sa noo,",
      "footnotes": null
    },
    {
      "ayah_number": 104,
      "translation_tl": "nanawagan Kami sa kanya, [na nagsasabi]: “O Abraham,",
      "footnotes": null
    },
    {
      "ayah_number": 105,
      "translation_tl": "nagpatotoo ka nga sa panaginip. Tunay na Kami ay gayon gumaganti sa mga tagagawa ng maganda.”",
      "footnotes": null
    },
    {
      "ayah_number": 106,
      "translation_tl": "Tunay na ito ay talagang ang paglilitis na malinaw.",
      "footnotes": null
    },
    {
      "ayah_number": 107,
      "translation_tl": "Tumubos Kami kay Ismael sa pamamagitan ng isang alay na dakila.",
      "footnotes": null
    },
    {
      "ayah_number": 108,
      "translation_tl": "Nag-iwan Kami para sa kanya [ng magandang pag-alaala] sa mga nahuli.",
      "footnotes": null
    },
    {
      "ayah_number": 109,
      "translation_tl": "Kapayapaan ay sumakay Abraham.",
      "footnotes": null
    },
    {
      "ayah_number": 110,
      "translation_tl": "Gayon Kami gumaganti sa mga tagagawa ng maganda.",
      "footnotes": null
    },
    {
      "ayah_number": 111,
      "translation_tl": "Tunay na siya ay kabilang sa mga lingkod Naming mga mananampalataya.",
      "footnotes": null
    },
    {
      "ayah_number": 112,
      "translation_tl": "Nagbalita Kami sa kanya ng nakalulugod hinggil kay Isaac bilang propeta kabilang sa mga maayos.",
      "footnotes": null
    },
    {
      "ayah_number": 113,
      "translation_tl": "Pinagpala Namin siya at si Isaac. Mayroon sa mga supling nilang dalawa na tagagawa ng maganda at malinaw na tagalabag sa katarungan sa sarili nito.",
      "footnotes": null
    },
    {
      "ayah_number": 114,
      "translation_tl": "Talagang nagmagandang-loob Kami kina Moises at Aaron.",
      "footnotes": null
    },
    {
      "ayah_number": 115,
      "translation_tl": "Nagligtas Kami sa kanilang dalawa at sa mag-anak nilang dalawa mula sa dalamhating sukdulan [ng pang-aalipin].",
      "footnotes": null
    },
    {
      "ayah_number": 116,
      "translation_tl": "Nag-adya Kami sa kanila kaya sila ay naging ang mga nananaig.",
      "footnotes": null
    },
    {
      "ayah_number": 117,
      "translation_tl": "Nagbigay Kami sa kanilang dalawa ng kasulatang nagpapalinaw.",
      "footnotes": null
    },
    {
      "ayah_number": 118,
      "translation_tl": "Nagpatnubay Kami sa kanilang dalawa sa landasing tuwid.",
      "footnotes": null
    },
    {
      "ayah_number": 119,
      "translation_tl": "Nag-iwan Kami para sa kanilang dalawa ng [magandang alaala] sa mga nahuli.",
      "footnotes": null
    },
    {
      "ayah_number": 120,
      "translation_tl": "Kapayapaan ay sumakina Moises at Aaron.",
      "footnotes": null
    },
    {
      "ayah_number": 121,
      "translation_tl": "Tunay na Kami ay gayon gumaganti sa mga tagagawa ng maganda.",
      "footnotes": null
    },
    {
      "ayah_number": 122,
      "translation_tl": "Tunay na silang dalawa ay kabilang sa mga lingkod Naming mga mananampalataya.",
      "footnotes": null
    },
    {
      "ayah_number": 123,
      "translation_tl": "Tunay na si Elias ay talagang kabilang sa mga isinugo,",
      "footnotes": null
    },
    {
      "ayah_number": 124,
      "translation_tl": "noong nagsabi siya sa mga kalipi niya: “Hindi ba kayo mangingilag magkasala?",
      "footnotes": null
    },
    {
      "ayah_number": 125,
      "translation_tl": "Dumadalangin ba kayo kay Baal [na anito] at nagtatatwa kayo sa pinakamaganda sa gawa sa mga tagalikha,",
      "footnotes": null
    },
    {
      "ayah_number": 126,
      "translation_tl": "kay Allāh na Panginoon ninyo at Panginoon ng mga ninuno ninyong mga sinauna?”",
      "footnotes": null
    },
    {
      "ayah_number": 127,
      "translation_tl": "Ngunit nagpasinungaling sila sa kanya kaya tunay na sila ay talagang mga padadaluhin [sa Impiyerno],",
      "footnotes": null
    },
    {
      "ayah_number": 128,
      "translation_tl": "maliban sa mga itinanging lingkod ni Allāh.",
      "footnotes": null
    },
    {
      "ayah_number": 129,
      "translation_tl": "Nag-iwan Kami para sa kanya ng [magandang alaala] sa mga nahuli.",
      "footnotes": null
    },
    {
      "ayah_number": 130,
      "translation_tl": "Kapayapaan ay sumakay Elias.",
      "footnotes": null
    },
    {
      "ayah_number": 131,
      "translation_tl": "Tunay na Kami ay gayon gumaganti sa mga tagagawa ng maganda.",
      "footnotes": null
    },
    {
      "ayah_number": 132,
      "translation_tl": "Tunay na siya ay kabilang sa mga lingkod Naming mga mananampalataya.",
      "footnotes": null
    },
    {
      "ayah_number": 133,
      "translation_tl": "Tunay na si Lot ay talagang kabilang sa mga isinugo.",
      "footnotes": null
    },
    {
      "ayah_number": 134,
      "translation_tl": "[Banggitin] noong nagligtas Kami sa kanya at sa mag-anak niya nang lahat-lahat,",
      "footnotes": null
    },
    {
      "ayah_number": 135,
      "translation_tl": "maliban sa isang matandang babae [na maybahay niya na kabilang] sa mga nagpapaiwan.",
      "footnotes": null
    },
    {
      "ayah_number": 136,
      "translation_tl": "Pagkatapos winasak Namin ang mga iba.",
      "footnotes": null
    },
    {
      "ayah_number": 137,
      "translation_tl": "Tunay na kayo ay talagang nagdaraan sa kanila sa umaga",
      "footnotes": null
    },
    {
      "ayah_number": 138,
      "translation_tl": "at sa gabi. Kaya hindi ba kayo nakapag-uunawa?",
      "footnotes": null
    },
    {
      "ayah_number": 139,
      "translation_tl": "Tunay na si Jonas ay talagang kabilang sa mga isinugo [ni Allāh].",
      "footnotes": null
    },
    {
      "ayah_number": 140,
      "translation_tl": "[Banggitin] noong tumakas siya patungo sa daong na nilulanan.",
      "footnotes": null
    },
    {
      "ayah_number": 141,
      "translation_tl": "Kaya nakipagpalabunutan siya ngunit siya ay naging kabilang sa mga natalo.",
      "footnotes": null
    },
    {
      "ayah_number": 142,
      "translation_tl": "Kaya nilamon siya ng isda habang siya masisisi.",
      "footnotes": null
    },
    {
      "ayah_number": 143,
      "translation_tl": "Kaya kung hindi dahil siya ay naging kabilang sa mga tagapagluwalhati [kay Allāh],",
      "footnotes": null
    },
    {
      "ayah_number": 144,
      "translation_tl": "talaga sanang namalagi siya sa tiyan niyon hanggang sa Araw na bubuhayin sila [para tuusin].",
      "footnotes": null
    },
    {
      "ayah_number": 145,
      "translation_tl": "Ngunit itinapon Namin siya sa baybaying hungkag habang siya ay maysakit.",
      "footnotes": null
    },
    {
      "ayah_number": 146,
      "translation_tl": "Nagpatubo Kami sa ibabaw niya ng isang puno ng malakalabasa.",
      "footnotes": null
    },
    {
      "ayah_number": 147,
      "translation_tl": "Nagsugo Kami sa kanya sa isang daang libo o nakahihigit sila.",
      "footnotes": null
    },
    {
      "ayah_number": 148,
      "translation_tl": "Kaya sumampalataya sila kaya nagpatamasa Kami sa kanila hanggang sa isang panahon.",
      "footnotes": null
    },
    {
      "ayah_number": 149,
      "translation_tl": "Kaya magsiyasat ka sa kanila: “Ukol ba sa Panginoon mo ang mga anak na babae samantalang ukol sa kanila ang mga anak na lalaki?”",
      "footnotes": null
    },
    {
      "ayah_number": 150,
      "translation_tl": "O lumikha ba Kami ng mga anghel bilang mga babae habang sila ay mga sumasaksi?",
      "footnotes": null
    },
    {
      "ayah_number": 151,
      "translation_tl": "Pansinin, tunay na sila dala ng panlilinlang nila ay talagang nagsasabi:",
      "footnotes": null
    },
    {
      "ayah_number": 152,
      "translation_tl": "“Nagkaanak si Allāh.” Tunay na sila ay talagang mga sinungaling.",
      "footnotes": null
    },
    {
      "ayah_number": 153,
      "translation_tl": "Humirang ba Siya ng mga anak na babae higit sa mga anak na lalaki?",
      "footnotes": null
    },
    {
      "ayah_number": 154,
      "translation_tl": "Ano ang mayroon sa inyo? Papaano kayong humahatol?[1]",
      "footnotes": "[1] na nagtatalaga kayo para kay Allāh ng mga babaing anak at nagtatalaga kayo para sa inyo ng mga lalaking anak?"
    },
    {
      "ayah_number": 155,
      "translation_tl": "Kaya hindi ba kayo nagsasaalaala?[2]",
      "footnotes": "[2] sa kawalang-kabuluhan ng katiwalian ng paniniwala ninyo?"
    },
    {
      "ayah_number": 156,
      "translation_tl": "O mayroon ba kayong isang katunayang malinaw?",
      "footnotes": null
    },
    {
      "ayah_number": 157,
      "translation_tl": "Kaya maglahad kayo ng kasulatan ninyo kung kayo ay mga tapat.",
      "footnotes": null
    },
    {
      "ayah_number": 158,
      "translation_tl": "Gumawa sila sa pagitan Niya at ng mga [anghel na] nakakubli ng isang pagkakamag-anak. Talaga ngang nalaman ng mga [anghel na] nakakubli na tunay na sila ay talagang mga padadaluhin [sa pagtutuos].",
      "footnotes": null
    },
    {
      "ayah_number": 159,
      "translation_tl": "Kaluwalhatian kay Allāh higit sa anumang inilalarawan nila [na maling paniniwala],",
      "footnotes": null
    },
    {
      "ayah_number": 160,
      "translation_tl": "maliban sa mga itinanging lingkod ni Allāh.",
      "footnotes": null
    },
    {
      "ayah_number": 161,
      "translation_tl": "Kaya tunay na kayo at ang anumang sinasamba ninyo,",
      "footnotes": null
    },
    {
      "ayah_number": 162,
      "translation_tl": "kayo palayo sa Kanya ay hindi mga makatutukso,",
      "footnotes": null
    },
    {
      "ayah_number": 163,
      "translation_tl": "maliban sa sinumang masusunog sa Impiyerno.",
      "footnotes": null
    },
    {
      "ayah_number": 164,
      "translation_tl": "[Magsasabi ang mga anghel]: “Walang kabilang sa amin malibang mayroon siyang isang katayuang nalalaman.",
      "footnotes": null
    },
    {
      "ayah_number": 165,
      "translation_tl": "Tunay na kami [na mga anghel] ay talagang kami ang mga nakahilera [sa pagsamba kay Allāh].",
      "footnotes": null
    },
    {
      "ayah_number": 166,
      "translation_tl": "Tunay na kami ay talagang kami ang mga tagapagluwalhati.”",
      "footnotes": null
    },
    {
      "ayah_number": 167,
      "translation_tl": "Tunay na sila [na mga tagapagtambal] ay talagang nagsasabi dati:",
      "footnotes": null
    },
    {
      "ayah_number": 168,
      "translation_tl": "“Kung sakaling mayroon tayong isang paalaala mula sa mga sinauna,",
      "footnotes": null
    },
    {
      "ayah_number": 169,
      "translation_tl": "talaga sanang tayo ay naging mga itinatanging lingkod ni Allāh.”",
      "footnotes": null
    },
    {
      "ayah_number": 170,
      "translation_tl": "Ngunit tumanggi silang sumampalataya rito, kaya malalaman nila.",
      "footnotes": null
    },
    {
      "ayah_number": 171,
      "translation_tl": "Talaga ngang nauna ang salita Namin para sa mga lingkod Naming mga isinugo:",
      "footnotes": null
    },
    {
      "ayah_number": 172,
      "translation_tl": "Tunay na sila, ukol sa kanila [na maging] ang mga iaadya;",
      "footnotes": null
    },
    {
      "ayah_number": 173,
      "translation_tl": "at tunay na ang mga kawal Namin, ukol sa kanila [na maging] ang tagadaig.",
      "footnotes": null
    },
    {
      "ayah_number": 174,
      "translation_tl": "Kaya tumalikod ka palayo sa kanila [na mga tagatangging sumampalataya] hanggang sa isang panahon.",
      "footnotes": null
    },
    {
      "ayah_number": 175,
      "translation_tl": "Tumingin ka sa kanila [na parurusahan] sapagkat makikita nila.",
      "footnotes": null
    },
    {
      "ayah_number": 176,
      "translation_tl": "Kaya ba sa pagdurusang dulot Namin ay nagmamadali sila?",
      "footnotes": null
    },
    {
      "ayah_number": 177,
      "translation_tl": "Ngunit kapag bumaba ito sa bakuran nila, kay sagwa ang umaga ng mga binalaan!",
      "footnotes": null
    },
    {
      "ayah_number": 178,
      "translation_tl": "Tumalikod ka palayo sa kanila hanggang sa isang panahon.",
      "footnotes": null
    },
    {
      "ayah_number": 179,
      "translation_tl": "Tumingin ka sapagkat makikita nila.",
      "footnotes": null
    },
    {
      "ayah_number": 180,
      "translation_tl": "Kaluwalhatian sa Panginoon mo, ang Panginoon ng Kapangyarihan, higit sa anumang inilalarawan nila [na mga katangian ng kakulangan].",
      "footnotes": null
    },
    {
      "ayah_number": 181,
      "translation_tl": "Kapayapaan sa mga isinugo [ni Allāh].",
      "footnotes": null
    },
    {
      "ayah_number": 182,
      "translation_tl": "Ang papuri ay ukol kay Allāh, ang Panginoon ng mga nilalang.",
      "footnotes": null
    }
  ]
}