{
  "surah_number": 41,
  "ayahs": [
    {
      "ayah_number": 1,
      "translation_tl": "Ḥā. Mīm.[1]",
      "footnotes": "[1] Ang Qur’ān ay nasa wikang Arabe na binubuo ng mga titiks Arabe gaya ng mga ito subalit walang isa mang nakagawa ng kahit pinkamaiikling kabanata ng mahimalang kababalaghan ng Qur’ān."
    },
    {
      "ayah_number": 2,
      "translation_tl": "[Ito ay] isang pagbababa mula [kay Allāh], ang Napakamaawain, ang Maawain,",
      "footnotes": null
    },
    {
      "ayah_number": 3,
      "translation_tl": "isang Aklat na dinetalye ang mga talata nito, bilang Qur’ān na Arabe para sa mga taong umaalam,[2]",
      "footnotes": "[2] dahil sila ay ang mga makikinabang sa mga kahulugan nito at sa anumand narito na kapatnubayan sa katotohanan."
    },
    {
      "ayah_number": 4,
      "translation_tl": "bilang mapagbalita ng nakagagalak[3] at bilang mapagbabala,[4] ngunit umayaw ang higit na marami sa kanila kaya sila ay hindi dumidinig.",
      "footnotes": "[3] sa mga mananampalataya hinggil sa inihanda ni Allāh para sa kanila na ganting masagana\n[4] sa mga tagatangging sumampalataya laban sa masaki na pagdurusang dulot ni Allāh"
    },
    {
      "ayah_number": 5,
      "translation_tl": "Nagsabi sila: “Ang mga puso namin ay nasa loob ng mga panakip laban sa ipinaaanyaya mo sa amin, sa mga tainga namin ay may pagkabingi, at sa pagitan namin at pagitan mo ay may isang lambong. Kaya gumawa ka [ayon sa pamamaraan mo]; tunay na kami ay mga tagagawa [ayon sa pamamaraan namin].”",
      "footnotes": null
    },
    {
      "ayah_number": 6,
      "translation_tl": "Sabihin mo, [O Propeta Muḥammad]: “Ako ay tao lamang tulad ninyo. Ikinakasi sa akin na ang Diyos ninyo ay Diyos na nag-iisa lamang, kaya magpakatuwid kayo sa Kanya at humingi kayo ng tawad sa Kanya.” Kapighatian ay ukol sa mga tagapagtambal [kay Allāh],",
      "footnotes": null
    },
    {
      "ayah_number": 7,
      "translation_tl": "na mga hindi nagbibigay ng zakāh at sila sa Kabilang-buhay, sila ay mga tagatangging sumampalataya.",
      "footnotes": null
    },
    {
      "ayah_number": 8,
      "translation_tl": "Tunay na ang mga sumampalataya at gumawa ng mga maayos, ukol sa kanila ay isang pabuyang hindi matitigil.",
      "footnotes": null
    },
    {
      "ayah_number": 9,
      "translation_tl": "Sabihin mo: “Tunay na kayo ba ay talagang tumatangging sumampalataya sa lumikha ng lupa sa dalawang araw at gumagawa sa Kanya ng mga kaagaw? Iyon ay ang Panginoon ng mga nilalang.”",
      "footnotes": null
    },
    {
      "ayah_number": 10,
      "translation_tl": "Naglagay Siya rito ng mga matatag na bundok mula sa ibabaw nito. Nagpala Siya rito at nagtakda Siya rito ng mga makakain dito sa [pagkalubos ng] apat na araw nang magkapantay para sa mga nagtatanong.",
      "footnotes": null
    },
    {
      "ayah_number": 11,
      "translation_tl": "Pagkatapos bumaling Siya sa langit habang ito ay usok pa saka nagsabi Siya rito at sa lupa: “Pumunta kayong dalawa sa pagtalima o sapilitan.” Nagsabi silang dalawa: “Pupunta kami na mga tumatalima.”",
      "footnotes": null
    },
    {
      "ayah_number": 12,
      "translation_tl": "Saka tumapos Siya sa mga ito bilang pitong langit sa dalawang araw at nagkasi Siya sa bawat langit ng utos dito. Gumayak Kami sa langit na pinakamababa ng mga lampara at [nagtalaga sa mga ito] bilang pangangalaga [laban sa mga demonyo]. Iyon ay ang pagtatakda [ni Allāh], ang Makapangyarihan, ang Maalam.",
      "footnotes": null
    },
    {
      "ayah_number": 13,
      "translation_tl": "Kaya kung umayaw sila ay sabihin mo: “Nagbabala ako sa inyo ng isang lintik tulad ng lintik [na bumagsak] sa `Ād at Thamūd.",
      "footnotes": null
    },
    {
      "ayah_number": 14,
      "translation_tl": "Noong dumating sa kanila ang mga sugo mula sa nakaraan nila at mula sa hinaharap nila, [nagsasabi ang mga ito]: “Huwag kayong sumamba kundi kay Allāh.” Nagsabi naman sila: “Kung sakaling niloob ng Panginoon namin ay talaga sanang nagpababa Siya ng mga anghel, kaya tunay na kami sa ipinasugo sa inyo ay mga tagatangging sumampalataya.”",
      "footnotes": null
    },
    {
      "ayah_number": 15,
      "translation_tl": "Hinggil sa [liping] `Ād, nagmalaki sila sa lupain ayon sa hindi karapatan at nagsabi sila: “Sino ang higit na matindi kaysa sa amin sa lakas?” Hindi ba sila nagsaalang-alang na si Allāh na lumikha sa kanila ay higit na matindi kaysa sa kanila sa lakas? Sila dati sa mga talata Namin [sa Qur’ān] ay nagkakaila.",
      "footnotes": null
    },
    {
      "ayah_number": 16,
      "translation_tl": "Kaya nagsugo Kami sa kanila ng isang hanging humahagunot sa mga araw na sawing-palad upang magpalasap Kami sa kanila ng pagdurusa ng kahihiyan sa buhay na pangmundo. Talagang ang pagdurusa sa Kabilang-buhay ay higit na kahiya-hiya habang sila ay hindi iaadya.",
      "footnotes": null
    },
    {
      "ayah_number": 17,
      "translation_tl": "Hinggil sa [liping] Thamūd, nagpatnubay Kami sa kanila ngunit umibig sila nang higit sa pagkabulag kaysa sa patnubay kaya dumaklot sa kanila ang lintik ng pagdurusang humahamak dahil sa dati nilang nakakamit [na mga pagsuway].",
      "footnotes": null
    },
    {
      "ayah_number": 18,
      "translation_tl": "Nagligtas Kami sa mga sumampalataya at nangingilag magkasala noon.",
      "footnotes": null
    },
    {
      "ayah_number": 19,
      "translation_tl": "[Banggitin] ang araw na kakalapin ang mga kaaway ni Allāh patungo sa Apoy saka sila ay papipilahin;",
      "footnotes": null
    },
    {
      "ayah_number": 20,
      "translation_tl": "hanggang sa nang dumating sila roon [sa Apoy] ay sasaksi laban sa kanila ang pandinig nila, ang mga paningin nila, at mga balat nila sa dati nilang ginagawa [na mga pagsuway].",
      "footnotes": null
    },
    {
      "ayah_number": 21,
      "translation_tl": "Magsasabi sila sa mga balat nila: “Bakit kayo sumaksi laban sa amin?” Magsasabi ang mga ito: “Nagpabigkas sa amin si Allāh na nagpabigkas sa bawat bagay. Siya ay lumikha sa inyo sa unang pagkakataon, at tungo sa Kanya pababalikin kayo [para tuusin].",
      "footnotes": null
    },
    {
      "ayah_number": 22,
      "translation_tl": "Hindi kayo dati nagtatakip [ng mga sarili] na baka sumaksi laban sa inyo ang pandinig ninyo, ni ang mga paningin ninyo, at ni ang mga balat ninyo; subalit nagpalagay kayo na si Allāh ay hindi nakaaalam sa marami sa ginagawa ninyo [na mga pagsuway].",
      "footnotes": null
    },
    {
      "ayah_number": 23,
      "translation_tl": "Yaong pagpapalagay ninyo na ipinagpalagay ninyo sa Panginoon ninyo ay nagpasawi sa inyo kaya kayo [sa Araw na ito] ay naging kabilang sa mga lugi.”",
      "footnotes": null
    },
    {
      "ayah_number": 24,
      "translation_tl": "Kaya kung makatitiis sila, ang Apoy ay isang tuluyan para sa kanila. Kung hihiling silang magpasiya [kay Allāh] ay hindi sila kabilang sa mga magpapasiya.",
      "footnotes": null
    },
    {
      "ayah_number": 25,
      "translation_tl": "Nagtalaga Kami para sa kanila ng mga kapisan[5] kaya nang -aakit ang mga ito sa kanila ng nasa harapan nila at nasa likuran nila [na masagwang gawa]. Nagindapat sa kanila ang pag-atas [ng pagdurusa] sa mga kalipunang nagdaan na bago pa nila kabilang sa jinn at tao. Tunay na sila ay mga lugi noon.",
      "footnotes": "[5] na mga demonyong kabilang sa mga tao at mga jinn sa Mudno"
    },
    {
      "ayah_number": 26,
      "translation_tl": "Nagsabi ang mga tumangging sumampalataya: “Huwag kayong makinig sa Qur’ān na ito at sumatsat kayo [sa pagbigkas] nito, nang sa gayon kayo ay mananaig.",
      "footnotes": null
    },
    {
      "ayah_number": 27,
      "translation_tl": "Kaya talagang magpapalasap nga Kami sa mga tumangging sumampalataya ng isang pagdurusang matindi at talagang gaganti nga Kami sa kanila ng pinakamasagwa sa dati nilang ginagawa.",
      "footnotes": null
    },
    {
      "ayah_number": 28,
      "translation_tl": "Iyon ay ang ganti sa mga kaaway ni Allāh – ang Apoy. Ukol sa kanila roon ang tahanan ng kawalang-hanggan bilang ganti dahil sila dati sa mga tanda Namin ay nagkakaila.",
      "footnotes": null
    },
    {
      "ayah_number": 29,
      "translation_tl": "Nagsabi ang mga tumangging sumampalataya: “Panginoon namin, magpakita Ka sa amin ng dalawang nagligaw sa amin kabilang sa jinn at tao, maglalagay kami sa kanilang dalawa sa ilalim ng mga paa namin upang silang dalawa ay maging kabilang sa mga pinakamababa.”",
      "footnotes": null
    },
    {
      "ayah_number": 30,
      "translation_tl": "Tunay na ang mga nagsabi: “Si Allāh ay ang Panginoon namin,” pagkatapos nagpakatuwid, magbababaan sa kanila ang mga anghel [sa paghihingalo nila at magsasabi]: “Huwag kayong mangamba, huwag kayong malungkot, at magalak kayo sa Paraiso na sa inyo dati ay ipinangangako.",
      "footnotes": null
    },
    {
      "ayah_number": 31,
      "translation_tl": "Kami [na mga anghel] ay mga katangkilik ninyo sa buhay na pangmundo at sa Kabilang-buhay. Ukol sa inyo roon [sa Paraiso] ang ninanasa ng mga sarili ninyo at ukol sa inyo roon ang anumang hinihiling ninyo,",
      "footnotes": null
    },
    {
      "ayah_number": 32,
      "translation_tl": "bilang pang-aaliw mula sa Mapagpatawad, Maawain.”",
      "footnotes": null
    },
    {
      "ayah_number": 33,
      "translation_tl": "Sino pa ang higit na maganda sa sinasabi kaysa sa sinumang nag-anyaya tungo kay Allāh,[6] gumawa ng maayos, at nagsabi: “Tunay na ako ay kabilang sa mga Muslim [na sumusuko kay Allāh].”",
      "footnotes": "[6] tungo sa pagsampalataya sa kaisahan ni Allāh at pagsambas sa Kanya"
    },
    {
      "ayah_number": 34,
      "translation_tl": "Hindi nagkakapantay ang magandang gawa at ang masagwang gawa. Itulak mo [ang masagwa] sa pamamagitan ng siyang higit na maganda, biglang ang [taong] sa pagitan mo at niya ay may pagkamuhi ay [magiging] para bang siya ay isang katangkilik na matalik.",
      "footnotes": null
    },
    {
      "ayah_number": 35,
      "translation_tl": "Walang ginagawaran nito kundi ang mga nagtiis at walang ginagawaran nito kundi ang isang may isang bahaging dakila.",
      "footnotes": null
    },
    {
      "ayah_number": 36,
      "translation_tl": "Kung may magbubuyo nga sa iyo mula sa demonyo na isang pambubuyo ay humiling ka ng pagkukupkop kay Allāh; tunay na Siya ay ang Madinigin, ang Maalam.",
      "footnotes": null
    },
    {
      "ayah_number": 37,
      "translation_tl": "Kabilang sa mga tanda Niya ang gabi at ang maghapon, at ang araw at ang buwan. Huwag kayong magpatirapa sa araw ni sa buwan. Magpatirapa kayo kay Allāh na lumikha ng mga ito, kung kayo ay sa Kanya sumasamba.",
      "footnotes": null
    },
    {
      "ayah_number": 38,
      "translation_tl": "Ngunit kung nagmalaki sila, ang mga nasa piling ng Panginoon mo ay nagluluwalhati sa Kanya sa gabi at maghapon habang sila ay hindi nanghihinawa [sa pagsamba sa Kanya].",
      "footnotes": null
    },
    {
      "ayah_number": 39,
      "translation_tl": "Kabilang sa mga tanda Niya na ikaw ay nakakikita na ang lupa ay tigang ngunit kapag nagpababa Kami sa ibabaw nito ng tubig ay gumalaw-galaw ito at lumago ito. Tunay na ang nagbigay-buhay rito ay talagang tagapagbigay-buhay sa mga patay. Tunay na Siya sa bawat bagay ay May-kakayahan.",
      "footnotes": null
    },
    {
      "ayah_number": 40,
      "translation_tl": "Tunay na ang mga lumalapastangan sa mga tanda Namin ay hindi nakakukubli sa Amin. Kaya ba ang sinumang itatapon sa Apoy ay higit na mabuti o ang sinumang pupunta nang ligtas sa Araw ng Pagbangon? Gawin ninyo ang niloob ninyo; tunay na Siya sa anumang ginagawa ninyo ay Nakakikita.",
      "footnotes": null
    },
    {
      "ayah_number": 41,
      "translation_tl": "Tunay na ang mga tumangging sumampalataya sa [Qur’ān bilang] paalaala noong dumating ito sa kanila [ay mga pagdurusahin.] Tunay na ito ay talagang isang Aklat na makapangyarihan.",
      "footnotes": null
    },
    {
      "ayah_number": 42,
      "translation_tl": "Hindi pumupunta rito ang kabulaanan mula sa harapan nito ni mula sa likuran nito. [Ito ay] isang pagbababa mula sa Marunong, Kapuri-puri.",
      "footnotes": null
    },
    {
      "ayah_number": 43,
      "translation_tl": "Walang sinasabi sa iyo [na pagpapasinungaling] kundi ang sinabi na sa mga sugo [ni Allāh] bago mo pa; tunay na ang Panginoon mo ay talagang may pagpapatawad at may parusang masakit.",
      "footnotes": null
    },
    {
      "ayah_number": 44,
      "translation_tl": "Kung sakaling gumawa Kami rito bilang Qur’ān na di-Arabe ay talaga sanang nagsabi sila: “Bakit kaya hindi dinetalye ang mga talata nito [sa wikang Arabe]? [Ito] ba ay di-Arabe at Arabe [ang Sugo]? Sabihin mo: “Ito para sa mga sumampalataya ay isang patnubay at isang lunas.” Ang mga hindi sumasampalataya, sa mga tainga nila ay may kabingihan at ito sa kanila ay pagkabulag. Ang mga iyon ay tinatawag mula sa isang pook na malayo.",
      "footnotes": null
    },
    {
      "ayah_number": 45,
      "translation_tl": "Talaga ngang nagbigay Kami kay Moises ng Kasulatan, ngunit nagkaiba-iba hinggil doon. Kung hindi dahil sa isang salitang nauna mula sa Panginoon mo ay talaga sanang humusga sa pagitan nila. Tunay na sila ay talagang nasa isang pagdududang tagapagpaalinlangan hinggil doon [sa Qur’ān].",
      "footnotes": null
    },
    {
      "ayah_number": 46,
      "translation_tl": "Ang sinumang gumawa ng maayos, [ito] ay para sa sarili niya; at ang sinumang nagpasagwa, [ito] ay laban dito. Ang Panginoon mo ay hindi palalabag sa katarungan sa mga [tao at jinn na] alipin [Niya].",
      "footnotes": null
    },
    {
      "ayah_number": 47,
      "translation_tl": "Sa Kanya isinasangguni ang kaalaman sa Huling Sandali. Walang lumalabas na anumang mga bunga mula sa mga saha ng mga ito at walang nagbubuntis na anumang babae ni nagsisilang malibang nasa kaalaman Niya. Sa Araw na tatawag Siya sa kanila, [na nagsasabi]: “Nasaan ang mga [inaakala ninyo na] katambal sa Akin?” Magsasabi sila: “Nagpahayag kami sa Iyo na wala na mula sa amin na anumang saksi [na may katambal Ka].”",
      "footnotes": null
    },
    {
      "ayah_number": 48,
      "translation_tl": "Nawala sa kanila ang dati nilang dinadalanginan bago pa niyan. Nakatiyak sila na walang ukol sa kanila na anumang mapupuslitan [mula sa parusa ni Allāh].",
      "footnotes": null
    },
    {
      "ayah_number": 49,
      "translation_tl": "Hindi nanghihinawa ang tao sa pagdalangin ng kabutihan; at kung sumaling sa kanya ang kasamaan, [siya ay] walang-wala ang pag-asa na sirang-sira ang loob.",
      "footnotes": null
    },
    {
      "ayah_number": 50,
      "translation_tl": "Talagang kung nagpalasap Kami sa kanya ng isang awa mula sa Amin matapos na ng kariwaraang sumaling sa kanya ay talagang magsasabi nga siya: “Ito ay ukol sa akin [dahil karapat-dapat ako] at hindi ako nagpapalagay na ang Huling Sandali[7] ay sasapit. Talagang kung pinabalik ako sa Panginoon ko, tunay na ukol sa akin sa ganang Kanya ay talagang pinakamaganda.” Kaya talagang magbabalita nga Kami sa mga tumangging sumampalataya hinggil sa ginawa nila at talagang magpapalasap nga Kami sa kanila ng isang pagdurusang magaspang.",
      "footnotes": "[7] ang Araw ng Pagbuhay at Pagtutuos"
    },
    {
      "ayah_number": 51,
      "translation_tl": "Kapag nagbiyaya Kami sa tao, umaayaw siya at naglalayo siya ng sarili niya. Kapag sumaling sa kanya ang kasamaan, [siya ay] may panalanging malawak.",
      "footnotes": null
    },
    {
      "ayah_number": 52,
      "translation_tl": "Sabihin mo: “Nagsaalang-alang ba kayo kung [ang Qur’ān na] ito ay mula sa ganang kay Allāh, pagkatapos tumanggi kayong sumampalataya rito? Sino pa ang higit na ligaw kaysa sa sinumang siya ay na nasa isang hidwaang malayo [sa katotohanan]?”",
      "footnotes": null
    },
    {
      "ayah_number": 53,
      "translation_tl": "Magpapakita Kami sa kanila ng mga tanda Namin sa mga abot-tanaw at sa mga sarili nila hanggang sa luminaw para sa kanila na [ang Qur’ān na] ito ay ang katotohanan. Hindi ba nakasapat ang Panginoon mo na Siya sa bawat bagay ay Saksi?",
      "footnotes": null
    },
    {
      "ayah_number": 54,
      "translation_tl": "Pansinin, tunay na sila ay nasa isang pag-aalangan sa pakikipagkita sa Panginoon nila. Pansinin, tunay na Siya sa bawat bagay ay Tagapaligid [sa kaalaman at kapangyarihan].",
      "footnotes": null
    }
  ]
}