{
  "surah_number": 44,
  "ayahs": [
    {
      "ayah_number": 1,
      "translation_tl": "Ḥā. Mīm. [1]",
      "footnotes": "[1] Ang Qur’ān ay nasa wikang Arabe na binubuo ng mga titiks Arabe gaya ng mga ito."
    },
    {
      "ayah_number": 2,
      "translation_tl": "Sumpa man sa Aklat na naglilinaw,",
      "footnotes": null
    },
    {
      "ayah_number": 3,
      "translation_tl": "tunay na Kami ay nagpababa nito sa isang gabing biniyayaan. Tunay Kami ay laging Tagapagbabala [sa tao at jinn].",
      "footnotes": null
    },
    {
      "ayah_number": 4,
      "translation_tl": "Sa [gabing] ito pinagpapasyahan ang bawat usaping tumpak,",
      "footnotes": null
    },
    {
      "ayah_number": 5,
      "translation_tl": "bilang usaping mula sa ganang Amin. Tunay na Kami noon ay nagsusugo,",
      "footnotes": null
    },
    {
      "ayah_number": 6,
      "translation_tl": "bilang awa mula sa Panginoon mo. Tunay na Siya ay ang Madinigin, ang Maalam.",
      "footnotes": null
    },
    {
      "ayah_number": 7,
      "translation_tl": "Panginoon ng mga langit at lupa at anumang nasa pagitan ng mga ito, kung kayo ay mga nakatityak.",
      "footnotes": null
    },
    {
      "ayah_number": 8,
      "translation_tl": "Walang Diyos kundi Siya, nagbibigay-buhay Siya at nagbibigay-kamatayan Siya, ang Panginoon ninyo at ang Panginoon ng mga magulang ninyong mga sinauna.",
      "footnotes": null
    },
    {
      "ayah_number": 9,
      "translation_tl": "Bagkus sila ay nasa isang pagdududa, na naglalaro.",
      "footnotes": null
    },
    {
      "ayah_number": 10,
      "translation_tl": "Kaya mag-abang ka sa Araw na magdadala ang langit ng isang usok na malinaw.",
      "footnotes": null
    },
    {
      "ayah_number": 11,
      "translation_tl": "Babalot ito sa mga tao; ito ay isang pagdurusang masakit.",
      "footnotes": null
    },
    {
      "ayah_number": 12,
      "translation_tl": "Panginoon Namin, pumawi Ka sa amin ng pagdurusa [dahil sa tagtuyot]; tunay na Kami ay mga mananampalataya.",
      "footnotes": null
    },
    {
      "ayah_number": 13,
      "translation_tl": "Paanong ukol sa kanila ang paalaala gayong may dumating ng sa kanilang isang Sugong malinaw [na si Propeta Muḥammad]?",
      "footnotes": null
    },
    {
      "ayah_number": 14,
      "translation_tl": "Pagkatapos tumalikod sila palayo sa kanya at nagsabi sila: “Isang baliw na tinuruan [ng iba].”",
      "footnotes": null
    },
    {
      "ayah_number": 15,
      "translation_tl": "Tunay na Kami ay papawi ng pagdurusa nang kaunti. Tunay na kayo ay mga manunumbalik.",
      "footnotes": null
    },
    {
      "ayah_number": 16,
      "translation_tl": "Sa Araw [ng Labanan sa Badr] na susunggab Kami [sa kanila] ng pagsunggab na pinakamalaki, tunay na Kami ay maghihiganti.",
      "footnotes": null
    },
    {
      "ayah_number": 17,
      "translation_tl": "Talaga ngang sumubok Kami bago nila sa mga tao ni Paraon, at may dumating sa kanila na isang sugong marangal [na si Moises],",
      "footnotes": null
    },
    {
      "ayah_number": 18,
      "translation_tl": "na [nagsasabi]: “Ipaubaya ninyo sa akin ang mga [anak ni Israel na] lingkod Ni Allāh – tunay na ako para sa inyo ay isang sugong mapagkakatiwalaan –",
      "footnotes": null
    },
    {
      "ayah_number": 19,
      "translation_tl": "at na huwag kayong magmataas kay Allāh; tunay na ako ay pumupunta sa inyo nang may kapamahalaang malinaw.",
      "footnotes": null
    },
    {
      "ayah_number": 20,
      "translation_tl": "Tunay na ako ay nagpakupkop sa Panginoon ko at Panginoon ninyo na baka bumato kayo sa akin.",
      "footnotes": null
    },
    {
      "ayah_number": 21,
      "translation_tl": "Kung hindi kayo naniwala sa akin ay lumayo kayo sa akin.”",
      "footnotes": null
    },
    {
      "ayah_number": 22,
      "translation_tl": "Kaya dumalangin siya sa Panginoon niya na ang mga ito ay mga taong salarin.",
      "footnotes": null
    },
    {
      "ayah_number": 23,
      "translation_tl": "Kaya [nag-utos si Allāh]: “Kaya maglakbay ka kasabay ng mga [anak ni Israel na] lingkod Ko sa isang gabi; tunay na kayo ay mga susundan.”",
      "footnotes": null
    },
    {
      "ayah_number": 24,
      "translation_tl": "Iwan mo ang dagat nang payapa; tunay na sila ay mga kawal na malulunod.",
      "footnotes": null
    },
    {
      "ayah_number": 25,
      "translation_tl": "Kay rami ng iniwan nila na mga hardin at mga bukal,",
      "footnotes": null
    },
    {
      "ayah_number": 26,
      "translation_tl": "mga pananim at pinanatilihang marangal,",
      "footnotes": null
    },
    {
      "ayah_number": 27,
      "translation_tl": "at biyayang sila dati roon ay mga nagpapasarap!",
      "footnotes": null
    },
    {
      "ayah_number": 28,
      "translation_tl": "Gayon nga, at nagpamana Kami ng mga ito sa mga ibang tao.",
      "footnotes": null
    },
    {
      "ayah_number": 29,
      "translation_tl": "Kaya hindi umiyak sa kanila ang langit at ang lupa at sila noon ay hindi mga ipagpapaliban.",
      "footnotes": null
    },
    {
      "ayah_number": 30,
      "translation_tl": "Talaga ngang nagligtas Kami sa mga anak ni Israel mula sa pagdurusang manghahamak",
      "footnotes": null
    },
    {
      "ayah_number": 31,
      "translation_tl": "mula kay Paraon. Tunay na siya dati ay nagmamataas kabilang sa mga nagpapakalabis.",
      "footnotes": null
    },
    {
      "ayah_number": 32,
      "translation_tl": "Talaga ngang pumili Kami sa kanila [na mga anak ni Israel] ayon sa kaalaman, higit sa mga nilalang [ng panahon nila].",
      "footnotes": null
    },
    {
      "ayah_number": 33,
      "translation_tl": "Nagbigay Kami sa kanila ng mga tanda na may isang pagsubok na malinaw.",
      "footnotes": null
    },
    {
      "ayah_number": 34,
      "translation_tl": "Tunay na ang mga [tagapagtambal] ito ay talagang nagsasabi:",
      "footnotes": null
    },
    {
      "ayah_number": 35,
      "translation_tl": "“Walang iba ito kundi ang pagkamatay naming una at kami ay hindi mga bubuhayin.",
      "footnotes": null
    },
    {
      "ayah_number": 36,
      "translation_tl": "Kaya maglahad kayo ng mga magulang namin kung kayo ay mga tapat.”",
      "footnotes": null
    },
    {
      "ayah_number": 37,
      "translation_tl": "Sila ba ay higit na mabuti o ang mga tao ng Tubba` at ang mga bago pa nila, na ipinahamak Namin [dahil sa kasalanan]? Tunay na sila ay mga salarin noon.",
      "footnotes": null
    },
    {
      "ayah_number": 38,
      "translation_tl": "Hindi Kami lumikha ng mga langit at lupa at anumang nasa pagitan ng mga ito nang naglalaro.",
      "footnotes": null
    },
    {
      "ayah_number": 39,
      "translation_tl": "Hindi Kami lumikha ng mga ito malibang ayon sa katotohanan subalit ang higit na marami sa kanila ay hindi nakaaalam.",
      "footnotes": null
    },
    {
      "ayah_number": 40,
      "translation_tl": "Tunay na ang Araw ng Pagpapasya ay tipanan nila nang magkakasama,",
      "footnotes": null
    },
    {
      "ayah_number": 41,
      "translation_tl": "sa Araw na walang magpapakinabang na isang pinagpapatangkilikan sa isang nagpapatangkilik ng anuman ni sila ay iaadya,",
      "footnotes": null
    },
    {
      "ayah_number": 42,
      "translation_tl": "maliban sa sinumang kinaawaan ni Allāh; tunay na Siya ay ang Makapangyarihan, ang Maawain.",
      "footnotes": null
    },
    {
      "ayah_number": 43,
      "translation_tl": "Tunay na ang puno ng Zaqqūm",
      "footnotes": null
    },
    {
      "ayah_number": 44,
      "translation_tl": "ay pagkain ng makasalanan.",
      "footnotes": null
    },
    {
      "ayah_number": 45,
      "translation_tl": "Gaya ng latak ng langis, kukulo ito sa loob ng mga tiyan [nila],",
      "footnotes": null
    },
    {
      "ayah_number": 46,
      "translation_tl": "gaya ng pagkulo ng nakapapasong tubig.",
      "footnotes": null
    },
    {
      "ayah_number": 47,
      "translation_tl": "[Sasabihin]: “Kunin ninyo siya at kaladkarin ninyo siya patungo sa kalagitnaan ng Impiyerno.",
      "footnotes": null
    },
    {
      "ayah_number": 48,
      "translation_tl": "Pagkatapos magbuhos kayo sa ibabaw ng ulo niya mula sa pagdurusa sa nakapapasong tubig.",
      "footnotes": null
    },
    {
      "ayah_number": 49,
      "translation_tl": "Lasapin mo; tunay na ikaw ay ang makapangyarihan, ang mapagbigay.",
      "footnotes": null
    },
    {
      "ayah_number": 50,
      "translation_tl": "Tunay na ito ay ang [bagay na] dati kayo hinggil dito ay nagtataltalan.”",
      "footnotes": null
    },
    {
      "ayah_number": 51,
      "translation_tl": "Tunay na ang mga tagapangilag magkasala ay nasa pinananatilihang ligtas,",
      "footnotes": null
    },
    {
      "ayah_number": 52,
      "translation_tl": "sa mga hardin at mga bukal,",
      "footnotes": null
    },
    {
      "ayah_number": 53,
      "translation_tl": "na magsusuot ng manipis na sutla at makapal na sutla, na mga magkaharapan.",
      "footnotes": null
    },
    {
      "ayah_number": 54,
      "translation_tl": "Gayon nga, at ipakakasal Namin sila sa mga dilag na may maningning na mata.",
      "footnotes": null
    },
    {
      "ayah_number": 55,
      "translation_tl": "Mananawagan sila roon ng bawat bungang-kahoy habang mga natitiwasay.",
      "footnotes": null
    },
    {
      "ayah_number": 56,
      "translation_tl": "Hindi sila lalasap doon ng kamatayan maliban sa unang pagkamatay at magsasanggalang Siya sa kanila sa pagdurusa sa Impiyerno",
      "footnotes": null
    },
    {
      "ayah_number": 57,
      "translation_tl": "bilang kabutihang-loob mula sa Panginoon mo. Iyon ay ang pagkatamong sukdulan.",
      "footnotes": null
    },
    {
      "ayah_number": 58,
      "translation_tl": "Kaya nagpadali lamang Kami nito sa dila mo nang sa gayon sila ay magsasaalaala.",
      "footnotes": null
    },
    {
      "ayah_number": 59,
      "translation_tl": "Kaya mag-abang ka [ng wakas nila]; tunay na sila ay mga nag-aabang.",
      "footnotes": null
    }
  ]
}