{
  "surah_number": 55,
  "ayahs": [
    {
      "ayah_number": 1,
      "translation_tl": "Ang Napakamaawain [na si Allāh]",
      "footnotes": null
    },
    {
      "ayah_number": 2,
      "translation_tl": "ay nagturo ng Qur’ān,",
      "footnotes": null
    },
    {
      "ayah_number": 3,
      "translation_tl": "lumikha ng tao,",
      "footnotes": null
    },
    {
      "ayah_number": 4,
      "translation_tl": "nagturo rito ng paglilinaw.",
      "footnotes": null
    },
    {
      "ayah_number": 5,
      "translation_tl": "Ang araw at ang buwan ay ayon sa [itinakdang] pagtutuus-tuos.",
      "footnotes": null
    },
    {
      "ayah_number": 6,
      "translation_tl": "Ang bituin at ang punong-kahoy ay nagpapatirapa.",
      "footnotes": null
    },
    {
      "ayah_number": 7,
      "translation_tl": "Ang langit ay inangat Niya ito at inilagay Niya ang timbangan",
      "footnotes": null
    },
    {
      "ayah_number": 8,
      "translation_tl": "upang hindi kayo magmalabis sa timbangan.",
      "footnotes": null
    },
    {
      "ayah_number": 9,
      "translation_tl": "Magpanatili kayo ng pagtitimbang ayon sa pagkamakatarungan at huwag kayong manlugi sa timbangan.",
      "footnotes": null
    },
    {
      "ayah_number": 10,
      "translation_tl": "Ang lupa ay inilagay Niya para sa mga kinapal.",
      "footnotes": null
    },
    {
      "ayah_number": 11,
      "translation_tl": "Dito ay may bungang-kahoy at ang mga [punong] datiles na may mga saha,",
      "footnotes": null
    },
    {
      "ayah_number": 12,
      "translation_tl": "at ang mga butil na may mga uhay at ang mga mabangong halaman.",
      "footnotes": null
    },
    {
      "ayah_number": 13,
      "translation_tl": "Kaya sa alin sa mga biyaya ng Panginoon ninyong dalawa magpapasinungaling kayong dalawa?",
      "footnotes": null
    },
    {
      "ayah_number": 14,
      "translation_tl": "Lumikha Siya ng tao mula sa kumakalansing na luwad gaya ng palayukan.",
      "footnotes": null
    },
    {
      "ayah_number": 15,
      "translation_tl": "Lumikha Siya sa jinn mula sa walang usok na liyab ng apoy.",
      "footnotes": null
    },
    {
      "ayah_number": 16,
      "translation_tl": "Kaya sa alin sa mga biyaya ng Panginoon ninyong dalawa magpapasinungaling kayong dalawa?",
      "footnotes": null
    },
    {
      "ayah_number": 17,
      "translation_tl": "[Siya] ang Panginoon ng dalawang silangan at ang Panginoon ng dalawang kanluran [sa tag-init at taglamig].",
      "footnotes": null
    },
    {
      "ayah_number": 18,
      "translation_tl": "Kaya sa alin sa mga biyaya ng Panginoon ninyong dalawa magpapasinungaling kayong dalawa?",
      "footnotes": null
    },
    {
      "ayah_number": 19,
      "translation_tl": "Nagpaugnay Siya sa dalawang dagat habang nagtatagpo.",
      "footnotes": null
    },
    {
      "ayah_number": 20,
      "translation_tl": "Sa pagitan ng dalawang ito ay may isang halang na hindi nilalampasan ng dalawang ito.",
      "footnotes": null
    },
    {
      "ayah_number": 21,
      "translation_tl": "Kaya sa alin sa mga biyaya ng Panginoon ninyong dalawa magpapasinungaling kayong dalawa?",
      "footnotes": null
    },
    {
      "ayah_number": 22,
      "translation_tl": "Lumalabas mula sa dalawang ito ang mga perlas at ang mga koral.",
      "footnotes": null
    },
    {
      "ayah_number": 23,
      "translation_tl": "Kaya sa alin sa mga biyaya ng Panginoon ninyong dalawa magpapasinungaling kayong dalawa?",
      "footnotes": null
    },
    {
      "ayah_number": 24,
      "translation_tl": "Sa Kanya ang mga daong na mga nakataas [ang mga layag] sa dagat gaya ng mga bundok.",
      "footnotes": null
    },
    {
      "ayah_number": 25,
      "translation_tl": "Kaya sa alin sa mga biyaya ng Panginoon ninyong dalawa magpapasinungaling kayong dalawa?",
      "footnotes": null
    },
    {
      "ayah_number": 26,
      "translation_tl": "Ang bawat sinumang nasa ibabaw ng [lupang] ito ay malilipol.",
      "footnotes": null
    },
    {
      "ayah_number": 27,
      "translation_tl": "Mamamalagi naman ang mukha ng Panginoon mo, ang ukol sa pagkapinagpipitaganan at pinagpaparangalan.",
      "footnotes": null
    },
    {
      "ayah_number": 28,
      "translation_tl": "Kaya sa alin sa mga biyaya ng Panginoon ninyong dalawa magpapasinungaling kayong dalawa?",
      "footnotes": null
    },
    {
      "ayah_number": 29,
      "translation_tl": "Nanghihingi sa Kanya ang sinumang nasa mga langit at lupa; sa bawat araw Siya ay nasa isang pumapatungkol.",
      "footnotes": null
    },
    {
      "ayah_number": 30,
      "translation_tl": "Kaya sa alin sa mga biyaya ng Panginoon ninyong dalawa magpapasinungaling kayong dalawa?",
      "footnotes": null
    },
    {
      "ayah_number": 31,
      "translation_tl": "Mag-aatupag Kami para sa inyo, O dalawang mabigat.[1]",
      "footnotes": "[1] Ibig sabihin: dalawang pangunahing nilikha, ang tao at ang jinn."
    },
    {
      "ayah_number": 32,
      "translation_tl": "Kaya sa alin sa mga biyaya ng Panginoon ninyong dalawa magpapasinungaling kayong dalawa?",
      "footnotes": null
    },
    {
      "ayah_number": 33,
      "translation_tl": "O katipunan ng jinn at tao, kung nakaya ninyo na lumagos sa mga purok ng mga langit at lupa ay lumagos kayo. Hindi kayo lalagos kundi sa pamamagitan ng isang kapangyarihan [na ibinigay ni Allāh].",
      "footnotes": null
    },
    {
      "ayah_number": 34,
      "translation_tl": "Kaya sa alin sa mga biyaya ng Panginoon ninyong dalawa magpapasinungaling kayong dalawa?",
      "footnotes": null
    },
    {
      "ayah_number": 35,
      "translation_tl": "May isusugo sa inyong dalawa na isang purong lagablab ng apoy at isang [lusaw na] tanso, kaya hindi kayong makapag-aadyaan.",
      "footnotes": null
    },
    {
      "ayah_number": 36,
      "translation_tl": "Kaya sa alin sa mga biyaya ng Panginoon ninyong dalawa magpapasinungaling kayong dalawa?",
      "footnotes": null
    },
    {
      "ayah_number": 37,
      "translation_tl": "Saka kapag nabiyak ang langit saka ito ay naging kulay rosas gaya ng kumukulong langis.",
      "footnotes": null
    },
    {
      "ayah_number": 38,
      "translation_tl": "Kaya sa alin sa mga biyaya ng Panginoon ninyong dalawa magpapasinungaling kayong dalawa?",
      "footnotes": null
    },
    {
      "ayah_number": 39,
      "translation_tl": "Kaya sa araw na iyon ay walang tatanungin, tungkol sa pagkakasala nito, na isang tao ni isang jinn.",
      "footnotes": null
    },
    {
      "ayah_number": 40,
      "translation_tl": "Kaya sa alin sa mga biyaya ng Panginoon ninyong dalawa magpapasinungaling kayong dalawa?",
      "footnotes": null
    },
    {
      "ayah_number": 41,
      "translation_tl": "Makikilala ang mga salarin sa mga tatak nila, saka dadaklutin sila sa mga buhok ng noo at mga paa.[2]",
      "footnotes": "[2] saka itatapon sila sa Impiyerno"
    },
    {
      "ayah_number": 42,
      "translation_tl": "Kaya sa alin sa mga biyaya ng Panginoon ninyong dalawa magpapasinungaling kayong dalawa?",
      "footnotes": null
    },
    {
      "ayah_number": 43,
      "translation_tl": "Ito ay ang Impiyerno na nagpapasinungaling dito ang mga salarin.",
      "footnotes": null
    },
    {
      "ayah_number": 44,
      "translation_tl": "Iikot sila sa pagitan nito at ng nakapapasong tubig.",
      "footnotes": null
    },
    {
      "ayah_number": 45,
      "translation_tl": "Kaya sa alin sa mga biyaya ng Panginoon ninyong dalawa magpapasinungaling kayong dalawa?",
      "footnotes": null
    },
    {
      "ayah_number": 46,
      "translation_tl": "Ukol sa sinumang nangamba sa katayuan sa [pagtutuos ng] Panginoon niya ay dalawang hardin.",
      "footnotes": null
    },
    {
      "ayah_number": 47,
      "translation_tl": "Kaya sa alin sa mga biyaya ng Panginoon ninyong dalawa magpapasinungaling kayong dalawa?",
      "footnotes": null
    },
    {
      "ayah_number": 48,
      "translation_tl": "[Ang mga ito ay] may maraming sanga.",
      "footnotes": null
    },
    {
      "ayah_number": 49,
      "translation_tl": "Kaya sa alin sa mga biyaya ng Panginoon ninyong dalawa magpapasinungaling kayong dalawa?",
      "footnotes": null
    },
    {
      "ayah_number": 50,
      "translation_tl": "Sa dalawang ito ay may dalawang bukal na dumadaloy.",
      "footnotes": null
    },
    {
      "ayah_number": 51,
      "translation_tl": "Kaya sa alin sa mga biyaya ng Panginoon ninyong dalawa magpapasinungaling kayong dalawa?",
      "footnotes": null
    },
    {
      "ayah_number": 52,
      "translation_tl": "Sa dalawang ito, bawat prutas ay magkapares.",
      "footnotes": null
    },
    {
      "ayah_number": 53,
      "translation_tl": "Kaya sa alin sa mga biyaya ng Panginoon ninyong dalawa magpapasinungaling kayong dalawa?",
      "footnotes": null
    },
    {
      "ayah_number": 54,
      "translation_tl": "Mga nakasandal sa mga supa na ang aporo ng mga ito ay mula sa makapal na sutla at ang ani ng dalawang hardin ay naabot.",
      "footnotes": null
    },
    {
      "ayah_number": 55,
      "translation_tl": "Kaya sa alin sa mga biyaya ng Panginoon ninyong dalawa magpapasinungaling kayong dalawa?",
      "footnotes": null
    },
    {
      "ayah_number": 56,
      "translation_tl": "Sa mga iyon ay may mga babaing naglilimita ng sulyap [sa mga asawa nila], na walang nakipagtalik sa mga ito na isang tao bago nila ni isang jinn.",
      "footnotes": null
    },
    {
      "ayah_number": 57,
      "translation_tl": "Kaya sa alin sa mga biyaya ng Panginoon ninyong dalawa magpapasinungaling kayong dalawa?",
      "footnotes": null
    },
    {
      "ayah_number": 58,
      "translation_tl": "Para bang sila ay mga rubi at mga koral.",
      "footnotes": null
    },
    {
      "ayah_number": 59,
      "translation_tl": "Kaya sa alin sa mga biyaya ng Panginoon ninyong dalawa magpapasinungaling kayong dalawa?",
      "footnotes": null
    },
    {
      "ayah_number": 60,
      "translation_tl": "Ang ganti kaya sa paggawa ng maganda ay iba pa sa paggawa ng maganda?",
      "footnotes": null
    },
    {
      "ayah_number": 61,
      "translation_tl": "Kaya sa alin sa mga biyaya ng Panginoon ninyong dalawa magpapasinungaling kayong dalawa?",
      "footnotes": null
    },
    {
      "ayah_number": 62,
      "translation_tl": "Sa paanan ng dalawang ito ay may dalawang hardin.",
      "footnotes": null
    },
    {
      "ayah_number": 63,
      "translation_tl": "Kaya sa alin sa mga biyaya ng Panginoon ninyong dalawa magpapasinungaling kayong dalawa?",
      "footnotes": null
    },
    {
      "ayah_number": 64,
      "translation_tl": "Matingkad na luntian [ang dalawang ito].",
      "footnotes": null
    },
    {
      "ayah_number": 65,
      "translation_tl": "Kaya sa alin sa mga biyaya ng Panginoon ninyong dalawa magpapasinungaling kayong dalawa?",
      "footnotes": null
    },
    {
      "ayah_number": 66,
      "translation_tl": "Sa dalawang ito ay may dalawang bukal na bumubuga.",
      "footnotes": null
    },
    {
      "ayah_number": 67,
      "translation_tl": "Kaya sa alin sa mga biyaya ng Panginoon ninyong dalawa magpapasinungaling kayong dalawa?",
      "footnotes": null
    },
    {
      "ayah_number": 68,
      "translation_tl": "Sa dalawang ito ay may prutas, mga punong datiles, at mga granada.",
      "footnotes": null
    },
    {
      "ayah_number": 69,
      "translation_tl": "Kaya sa alin sa mga biyaya ng Panginoon ninyong dalawa magpapasinungaling kayong dalawa?",
      "footnotes": null
    },
    {
      "ayah_number": 70,
      "translation_tl": "Sa mga ito ay may mga babaing mabubuti na magaganda.",
      "footnotes": null
    },
    {
      "ayah_number": 71,
      "translation_tl": "Kaya sa alin sa mga biyaya ng Panginoon ninyong dalawa magpapasinungaling kayong dalawa?",
      "footnotes": null
    },
    {
      "ayah_number": 72,
      "translation_tl": "May mga dilag na mga nakalimita sa mga kubol.",
      "footnotes": null
    },
    {
      "ayah_number": 73,
      "translation_tl": "Kaya sa alin sa mga biyaya ng Panginoon ninyong dalawa magpapasinungaling kayong dalawa?",
      "footnotes": null
    },
    {
      "ayah_number": 74,
      "translation_tl": "Walang nakipagtalik sa mga ito na isang tao bago nila ni isang jinn.",
      "footnotes": null
    },
    {
      "ayah_number": 75,
      "translation_tl": "Kaya sa alin sa mga biyaya ng Panginoon ninyong dalawa magpapasinungaling kayong dalawa?",
      "footnotes": null
    },
    {
      "ayah_number": 76,
      "translation_tl": "Mga nakasandal sa mga almohadon na luntian at mga kutson na magaganda.",
      "footnotes": null
    },
    {
      "ayah_number": 77,
      "translation_tl": "Kaya sa alin sa mga biyaya ng Panginoon ninyong dalawa magpapasinungaling kayong dalawa?",
      "footnotes": null
    },
    {
      "ayah_number": 78,
      "translation_tl": "Napakamapagpala ang pangalan ng Panginoon mo, ang ukol sa pagkapinagpipitaganan at pinagpaparangalan.",
      "footnotes": null
    }
  ]
}