{
  "surah_number": 56,
  "ayahs": [
    {
      "ayah_number": 1,
      "translation_tl": "Kapag naganap ang Magaganap,",
      "footnotes": null
    },
    {
      "ayah_number": 2,
      "translation_tl": "para sa pagkaganap nito ay walang isang tagapagpasinungaling,",
      "footnotes": null
    },
    {
      "ayah_number": 3,
      "translation_tl": "na magbababa [ng mananampalataya], mag-aangat [ng tagatangging sumampalataya].",
      "footnotes": null
    },
    {
      "ayah_number": 4,
      "translation_tl": "Kapag inalog ang lupa sa isang pag-aalog",
      "footnotes": null
    },
    {
      "ayah_number": 5,
      "translation_tl": "at dinurog ang mga bundok sa isang pagdurog,",
      "footnotes": null
    },
    {
      "ayah_number": 6,
      "translation_tl": "kaya magiging alikabok na kumakalat.",
      "footnotes": null
    },
    {
      "ayah_number": 7,
      "translation_tl": "Kayo ay magiging tatlong uri.",
      "footnotes": null
    },
    {
      "ayah_number": 8,
      "translation_tl": "Kaya ang mga kasamahan sa dakong kanan, ano ang mga kasamahan sa dakong kanan?",
      "footnotes": null
    },
    {
      "ayah_number": 9,
      "translation_tl": "Ang mga kasamahan sa dakong kaliwa, ano ang mga kasamahan sa dakong kaliwa?",
      "footnotes": null
    },
    {
      "ayah_number": 10,
      "translation_tl": "Ang mga tagapanguna [sa mga kabutihan] ay ang mga tagapanguna [sa Paraiso].",
      "footnotes": null
    },
    {
      "ayah_number": 11,
      "translation_tl": "Ang mga iyon ay ang mga inilapit [kay Allāh]",
      "footnotes": null
    },
    {
      "ayah_number": 12,
      "translation_tl": "sa mga hardin ng kaginhawahan.",
      "footnotes": null
    },
    {
      "ayah_number": 13,
      "translation_tl": "Isang pangkat mula sa mga nauna [na yumakap sa Islām]",
      "footnotes": null
    },
    {
      "ayah_number": 14,
      "translation_tl": "at kaunti mula sa mga nahuli,",
      "footnotes": null
    },
    {
      "ayah_number": 15,
      "translation_tl": "sa mga kamang pinalamutian [ng ginto],",
      "footnotes": null
    },
    {
      "ayah_number": 16,
      "translation_tl": "na mga nakasandal sa mga ito habang mga naghaharapan.",
      "footnotes": null
    },
    {
      "ayah_number": 17,
      "translation_tl": "May iikot sa kanila na mga batang lalaki na mga pinamalaging [bata],",
      "footnotes": null
    },
    {
      "ayah_number": 18,
      "translation_tl": "na may mga baso, mga pitsel, at isang kopa mula sa isang alak [na dalisay] na dumadaloy,",
      "footnotes": null
    },
    {
      "ayah_number": 19,
      "translation_tl": "na hindi sila pasasakitan [sa ulo] dahil sa mga ito at hindi sila lalanguin,",
      "footnotes": null
    },
    {
      "ayah_number": 20,
      "translation_tl": "at bungang-kahoy mula sa pinili-pili nila,",
      "footnotes": null
    },
    {
      "ayah_number": 21,
      "translation_tl": "at karne ng ibon kabilang sa ninanasa nila,",
      "footnotes": null
    },
    {
      "ayah_number": 22,
      "translation_tl": "at may mga dilag na magaganda ang mga mata,",
      "footnotes": null
    },
    {
      "ayah_number": 23,
      "translation_tl": "na gaya ng mga tulad ng mga perlas na itinatago,",
      "footnotes": null
    },
    {
      "ayah_number": 24,
      "translation_tl": "bilang ganti sa dati nilang ginagawa [na maganda].",
      "footnotes": null
    },
    {
      "ayah_number": 25,
      "translation_tl": "Hindi sila makaririnig doon ng kabalbalan ni ng pagpapakasalanan",
      "footnotes": null
    },
    {
      "ayah_number": 26,
      "translation_tl": "maliban sa pagsasabi ng [pagbati ng] kapayapaan, kapayapaan!",
      "footnotes": null
    },
    {
      "ayah_number": 27,
      "translation_tl": "Ang mga kasamahan ng kanan, ano ang mga kasamahan ng kanan?",
      "footnotes": null
    },
    {
      "ayah_number": 28,
      "translation_tl": "[Sila ay] nasa mga [punong] Sidrah na pinutulan [ng mga tinik]",
      "footnotes": null
    },
    {
      "ayah_number": 29,
      "translation_tl": "at mga [punong] saging na nagkapatung-patong [ang mga bunga],",
      "footnotes": null
    },
    {
      "ayah_number": 30,
      "translation_tl": "at sa lilim na inilatag,",
      "footnotes": null
    },
    {
      "ayah_number": 31,
      "translation_tl": "at tubig na pinadaloy,",
      "footnotes": null
    },
    {
      "ayah_number": 32,
      "translation_tl": "at prutas na marami,",
      "footnotes": null
    },
    {
      "ayah_number": 33,
      "translation_tl": "hindi pinuputol at hindi pinipigilan,",
      "footnotes": null
    },
    {
      "ayah_number": 34,
      "translation_tl": "at sa mga higaang iniangat.",
      "footnotes": null
    },
    {
      "ayah_number": 35,
      "translation_tl": "Tunay na Kami ay nagpaluwal sa kanila[1] sa isang [pambihirang] pagpapaluwal,",
      "footnotes": "[1] sa mga kabiyak nila noon sa Mundo, na pumasok kasama nila sa Paraiso."
    },
    {
      "ayah_number": 36,
      "translation_tl": "saka gumawa sa kanila na mga birhen,",
      "footnotes": null
    },
    {
      "ayah_number": 37,
      "translation_tl": "na malalambing na magkakasinggulang,",
      "footnotes": null
    },
    {
      "ayah_number": 38,
      "translation_tl": "para sa mga kasamahan sa kanan.",
      "footnotes": null
    },
    {
      "ayah_number": 39,
      "translation_tl": "Isang pangkat mula sa mga nauna",
      "footnotes": null
    },
    {
      "ayah_number": 40,
      "translation_tl": "at isang pangkat mula sa mga nahuli.",
      "footnotes": null
    },
    {
      "ayah_number": 41,
      "translation_tl": "Ang mga kasamahan sa dakong kaliwa,[2] ano ang mga kasamahan sa dakong kaliwa?",
      "footnotes": "[2] na ang mga talaan ay ibibigay mula sa kaliwang tagiliran nila: ang mga manihirahan sa Impiyerno."
    },
    {
      "ayah_number": 42,
      "translation_tl": "[Sila ay] nasa nakapapasong hangin at nakapapasong tubig,",
      "footnotes": null
    },
    {
      "ayah_number": 43,
      "translation_tl": "at isang lilim ng isang usok na pagkaitim-itim,",
      "footnotes": null
    },
    {
      "ayah_number": 44,
      "translation_tl": "hindi malamig at hindi marangal.",
      "footnotes": null
    },
    {
      "ayah_number": 45,
      "translation_tl": "Tunay na sila dati bago niyon ay mga pinariwasa.",
      "footnotes": null
    },
    {
      "ayah_number": 46,
      "translation_tl": "Sila dati ay nagpupumilit ng kabuktutang sukdulan.[3]",
      "footnotes": "[3] ng kawalang-pananampalataya kay Allāh"
    },
    {
      "ayah_number": 47,
      "translation_tl": "Sila dati ay nagsasabi: “Kapag namatay ba kami at kami ay naging alabok at mga buto, tunay bang kami ay talagang mga bubuhayin,",
      "footnotes": null
    },
    {
      "ayah_number": 48,
      "translation_tl": "at ang mga ninuno naming sinauna?”",
      "footnotes": null
    },
    {
      "ayah_number": 49,
      "translation_tl": "Sabihin mo: “Tunay na ang mga sinauna at ang mga nahuli",
      "footnotes": null
    },
    {
      "ayah_number": 50,
      "translation_tl": "ay talagang mga titipunin sa isang takdang oras ng isang araw na nalalaman.”",
      "footnotes": null
    },
    {
      "ayah_number": 51,
      "translation_tl": "Pagkatapos tunay na kayo, O mga naliligaw na mga nagpapasinungaling [sa Pagkabuhay]",
      "footnotes": null
    },
    {
      "ayah_number": 52,
      "translation_tl": "ay talagang mga kakain mula sa mga puno ng Zaqqūm,",
      "footnotes": null
    },
    {
      "ayah_number": 53,
      "translation_tl": "saka mga magpupuno mula sa mga iyon ng mga tiyan,",
      "footnotes": null
    },
    {
      "ayah_number": 54,
      "translation_tl": "saka mga iinom sa mga ito mula sa nakapapasong tubig,",
      "footnotes": null
    },
    {
      "ayah_number": 55,
      "translation_tl": "saka mga iinom nang pag-inom ng mga uhaw na kamelyo!”",
      "footnotes": null
    },
    {
      "ayah_number": 56,
      "translation_tl": "Ito ay pang-aliw nila sa Araw ng Pagtutumbas.",
      "footnotes": null
    },
    {
      "ayah_number": 57,
      "translation_tl": "Kami ay lumikha sa inyo kaya bakit kaya hindi kayo naniniwala?",
      "footnotes": null
    },
    {
      "ayah_number": 58,
      "translation_tl": "Kaya nagsaalang-alang ba kayo sa ipinupulandit ninyo [na punlay]?",
      "footnotes": null
    },
    {
      "ayah_number": 59,
      "translation_tl": "Kayo ba ay lumilikha niyon [bilang tao] o Kami ay ang Tagalikha?",
      "footnotes": null
    },
    {
      "ayah_number": 60,
      "translation_tl": "Kami ay nagtakda sa gitna ninyo ng kamatayan at Kami ay hindi nauunahan",
      "footnotes": null
    },
    {
      "ayah_number": 61,
      "translation_tl": "na magpalit Kami ng mga tulad [ng mga anyo] ninyo at [muling] magpaluwal Kami sa inyo sa [mga anyong] hindi ninyo nalalaman.",
      "footnotes": null
    },
    {
      "ayah_number": 62,
      "translation_tl": "Talaga ngang nalaman ninyo ang unang pagpapaluwal, kaya bakit kaya hindi kayo nagsasaalaala?",
      "footnotes": null
    },
    {
      "ayah_number": 63,
      "translation_tl": "Kaya nagsaalang-alang ba kayo sa ipinupunla ninyo?",
      "footnotes": null
    },
    {
      "ayah_number": 64,
      "translation_tl": "Kayo ba ay nagtatanim niyon o Kami ay ang Tagapagtanim?",
      "footnotes": null
    },
    {
      "ayah_number": 65,
      "translation_tl": "Kung sakaling niloloob Namin ay talaga sanang ginawa Namin iyon na ipa saka kayo ay magiging nagugulantang,",
      "footnotes": null
    },
    {
      "ayah_number": 66,
      "translation_tl": "[na magsasabi]: “Tunay na kami ay talagang mga mamultahan;[4]",
      "footnotes": "[4] dahil sa pagkalugi ng ginugol namin"
    },
    {
      "ayah_number": 67,
      "translation_tl": "bagkus kami ay mga pinagkaitan!”",
      "footnotes": null
    },
    {
      "ayah_number": 68,
      "translation_tl": "Kaya nagsaalang-alang ba kayo sa tubig na iniinom ninyo?",
      "footnotes": null
    },
    {
      "ayah_number": 69,
      "translation_tl": "Kayo ba ay nagpababa niyon mula sa mga ulap o Kami ay ang Tagapagpababa?",
      "footnotes": null
    },
    {
      "ayah_number": 70,
      "translation_tl": "Kung sakaling niloloob Namin ay ginawa sana Namin iyon na maalat, kaya bakit kaya hindi kayo nagpapasalamat?",
      "footnotes": null
    },
    {
      "ayah_number": 71,
      "translation_tl": "Kaya nagsaalang-alang ba kayo sa apoy na pinaniningas ninyo?",
      "footnotes": null
    },
    {
      "ayah_number": 72,
      "translation_tl": "Kayo ba ay nagpapaluwal ng punong-kahoy [na nagpapaningas] nito o Kami ay ang Tagapagpaluwal?",
      "footnotes": null
    },
    {
      "ayah_number": 73,
      "translation_tl": "Kami ay gumawa nito bilang pagpapaalaala at bilang natatamasa para sa mga naglalakbay.",
      "footnotes": null
    },
    {
      "ayah_number": 74,
      "translation_tl": "Kaya magluwalhati ka sa pangalan ng Panginoon mo, ang Sukdulan.",
      "footnotes": null
    },
    {
      "ayah_number": 75,
      "translation_tl": "Kaya nanunumpa Ako sa mga lubugan ng mga bituin,",
      "footnotes": null
    },
    {
      "ayah_number": 76,
      "translation_tl": "at tunay na ito ay talagang isang panunumpa – kung sakaling nalalaman ninyo – na sukdulan.",
      "footnotes": null
    },
    {
      "ayah_number": 77,
      "translation_tl": "Tunay na ito ay talagang isang Qur’ān marangal,",
      "footnotes": null
    },
    {
      "ayah_number": 78,
      "translation_tl": "na nasa isang Aklat na itinatago,[5]",
      "footnotes": "[5] Ibig sabihin: ang Tablerong Iniingatan."
    },
    {
      "ayah_number": 79,
      "translation_tl": "na walang nakasasaling dito kundi ang mga [anghel na] dinalisay,",
      "footnotes": null
    },
    {
      "ayah_number": 80,
      "translation_tl": "na isang pagbababa mula sa Panginoon ng mga nilalang.",
      "footnotes": null
    },
    {
      "ayah_number": 81,
      "translation_tl": "Kaya sa salaysay na ito ba kayo ay mga nagwawalang-bahala?",
      "footnotes": null
    },
    {
      "ayah_number": 82,
      "translation_tl": "Gumagawa kayo [sa pagpapasalamat] sa panustos ninyo na kayo ay nagpapasinungaling.",
      "footnotes": null
    },
    {
      "ayah_number": 83,
      "translation_tl": "Kaya bakit hindi [kayo magpabalik ng kaluluwa] kapag umabot ito sa lalamunan",
      "footnotes": null
    },
    {
      "ayah_number": 84,
      "translation_tl": "habang kayo sa sandaling iyon ay nakatingin?",
      "footnotes": null
    },
    {
      "ayah_number": 85,
      "translation_tl": "Kami[6] ay higit na malapit sa kanya kaysa sa inyo subalit hindi ninyo nakikita.",
      "footnotes": "[6] sa pamamagitan ng kaalaman Namin, kakayahan Namin, at mga anghel Namin"
    },
    {
      "ayah_number": 86,
      "translation_tl": "Kaya bakit hindi – kung kayo ay hindi mga pananagutin –",
      "footnotes": null
    },
    {
      "ayah_number": 87,
      "translation_tl": "kayo nagpapabalik [ng kaluluwa sa katawan] nito kung kayo ay mga tapat.",
      "footnotes": null
    },
    {
      "ayah_number": 88,
      "translation_tl": "Kaya hinggil naman sa kung siya ay kabilang sa mga inilapit [kay Allāh],",
      "footnotes": null
    },
    {
      "ayah_number": 89,
      "translation_tl": "[ukol sa kanya ay] kapahingahan, kaloob, at hardin ng kaginhawahan.",
      "footnotes": null
    },
    {
      "ayah_number": 90,
      "translation_tl": "Hinggil naman sa kung siya ay kabilang sa mga kasamahan ng kanan,",
      "footnotes": null
    },
    {
      "ayah_number": 91,
      "translation_tl": "[magsasabi ang mga anghel sa kanya]: “Kapayapaan ay ukol sa iyo na kabilang sa mga kasamahan ng kanan.”",
      "footnotes": null
    },
    {
      "ayah_number": 92,
      "translation_tl": "Hinggil naman sa kung siya ay kabilang sa mga tagapagpasinungaling na naliligaw,",
      "footnotes": null
    },
    {
      "ayah_number": 93,
      "translation_tl": "[ukol sa kanya ay] isang pang-aliw mula sa nakapapasong tubig",
      "footnotes": null
    },
    {
      "ayah_number": 94,
      "translation_tl": "at isang pagpapasok sa Impiyerno.",
      "footnotes": null
    },
    {
      "ayah_number": 95,
      "translation_tl": "Tunay na ito ay talagang ito ang katotohanan ng katiyakan.",
      "footnotes": null
    },
    {
      "ayah_number": 96,
      "translation_tl": "Kaya magluwalhati ka sa ngalan ng Panginoon mo, ang Sukdulan.",
      "footnotes": null
    }
  ]
}