{
  "surah_number": 74,
  "ayahs": [
    {
      "ayah_number": 1,
      "translation_tl": "O nagtatalukbong,[1]",
      "footnotes": "[1] Nagtakip ang Propeta ng sarili dahil sa pagkatakot sa nakita."
    },
    {
      "ayah_number": 2,
      "translation_tl": "bumangon ka saka magbabala ka.[2]",
      "footnotes": "[2] sa mga tao laban sa pagdurusang idudulot ni Allāh."
    },
    {
      "ayah_number": 3,
      "translation_tl": "Sa Panginoon mo ay dumakila ka.",
      "footnotes": null
    },
    {
      "ayah_number": 4,
      "translation_tl": "Sa mga damit mo ay magdalisay ka.",
      "footnotes": null
    },
    {
      "ayah_number": 5,
      "translation_tl": "Sa kasalaulaan[3] ay lumayo ka.",
      "footnotes": "[3] Ibig sabihin: sa pagsamba sa mga diyus-diyusan."
    },
    {
      "ayah_number": 6,
      "translation_tl": "Huwag kang magmagandang-loob habang humihiling ka ng marami.",
      "footnotes": null
    },
    {
      "ayah_number": 7,
      "translation_tl": "Alang-alang sa Panginoon mo ay magtiis ka.",
      "footnotes": null
    },
    {
      "ayah_number": 8,
      "translation_tl": "Kaya kapag nagpatunog sa trumpeta,",
      "footnotes": null
    },
    {
      "ayah_number": 9,
      "translation_tl": "iyon, sa araw na iyon, ay isang araw na mahirap,",
      "footnotes": null
    },
    {
      "ayah_number": 10,
      "translation_tl": "sa mga tagatangging sumampalataya ay hindi madali.",
      "footnotes": null
    },
    {
      "ayah_number": 11,
      "translation_tl": "Hayaan mo Ako at ang nilikha Ko nang mag-isa.",
      "footnotes": null
    },
    {
      "ayah_number": 12,
      "translation_tl": "Gumawa Ako para sa kanya ng isang yamang pinalawak",
      "footnotes": null
    },
    {
      "ayah_number": 13,
      "translation_tl": "at mga anak na kapiling.",
      "footnotes": null
    },
    {
      "ayah_number": 14,
      "translation_tl": "Nagpaalwan Ako sa kanya sa isang pagpapaaalwan.",
      "footnotes": null
    },
    {
      "ayah_number": 15,
      "translation_tl": "Pagkatapos naghahangad siya na magdagdag Ako.",
      "footnotes": null
    },
    {
      "ayah_number": 16,
      "translation_tl": "Aba’y hindi! Tunay na siya sa mga tanda Namin ay mapagmatigas.",
      "footnotes": null
    },
    {
      "ayah_number": 17,
      "translation_tl": "Magpapabigat[4] Ako sa kanya ng isang pahirap.",
      "footnotes": "[4] O Aatangan."
    },
    {
      "ayah_number": 18,
      "translation_tl": "Tunay na siya ay nag-isip at nagtakda.",
      "footnotes": null
    },
    {
      "ayah_number": 19,
      "translation_tl": "Kaya panaigan nawa siya kung papaano siyang nagtakda!",
      "footnotes": null
    },
    {
      "ayah_number": 20,
      "translation_tl": "Pagkatapos panaigan nawa siya kung papaano siyang nagtakda!",
      "footnotes": null
    },
    {
      "ayah_number": 21,
      "translation_tl": "Pagkatapos nagmasid siya.",
      "footnotes": null
    },
    {
      "ayah_number": 22,
      "translation_tl": "Pagkatapos nagkunut-noo siya at sumimangot siya.",
      "footnotes": null
    },
    {
      "ayah_number": 23,
      "translation_tl": "Pagkatapos tumalikod siya [sa pananampalataya] at nagmalaki siya.",
      "footnotes": null
    },
    {
      "ayah_number": 24,
      "translation_tl": "Kaya nagsabi siya: “Walang iba [ang Qur’ān na] ito ay kundi isang panggagaway na ipinapasa-pasa.",
      "footnotes": null
    },
    {
      "ayah_number": 25,
      "translation_tl": "Walang iba ito ay kundi sabi ng tao.”",
      "footnotes": null
    },
    {
      "ayah_number": 26,
      "translation_tl": "Magsusunog Ako sa kanya sa Saqar.",
      "footnotes": null
    },
    {
      "ayah_number": 27,
      "translation_tl": "Ano ang nagpabatid sa iyo kung ano ang Saqar?",
      "footnotes": null
    },
    {
      "ayah_number": 28,
      "translation_tl": "Hindi ito nagtitira at hindi ito nag-iiwan.",
      "footnotes": null
    },
    {
      "ayah_number": 29,
      "translation_tl": "Isang tagapagtupok ng mga balat,",
      "footnotes": null
    },
    {
      "ayah_number": 30,
      "translation_tl": "sa ibabaw nito ay may labingsiyam [na anghel].[5]",
      "footnotes": "[5] na mga tanod ng Impiyerno"
    },
    {
      "ayah_number": 31,
      "translation_tl": "Hindi Kami naglagay[6] ng mga tanod ng Apoy maliban ng mga anghel. Hindi Kami gumawa sa bilang nila malibang bilang pagsubok para sa mga tumangging sumampalataya upang makatiyak ang mga [Hudyo at mga Kristiyano na] binigyan ng Kasulatan, madagdagan ang mga sumampalataya ng pananampalataya, at hindi mag-alinlangan ang mga [Hudyo at mga Kristiyano na] binigyan ng Kasulatan at ang mga mananampalataya, at upang magsabi ang mga sa mga puso nila ay may sakit at ang mga tagatangging sumampalataya: “Ano ang ninais ni Allāh dito bilang paghahalintulad?” Gayon nagliligaw si Allāh sa sinumang niloloob Niya at nagpapatnubay sa sinumang niloloob Niya. Walang nakaaalam sa mga kawal ng Panginoon mo kundi Siya. Walang iba ito kundi isang paalaala para sa mga tao.",
      "footnotes": "[6] O gumawa."
    },
    {
      "ayah_number": 32,
      "translation_tl": "Aba’y hindi! Sumpa man sa buwan,[7]",
      "footnotes": "[7] Ang lahat ng mga panunumpa sa mga bagay na nasaad sa Qur’an ay panunumpa ni Allāh."
    },
    {
      "ayah_number": 33,
      "translation_tl": "sumpa man sa gabi kapag tumalikod ito,",
      "footnotes": null
    },
    {
      "ayah_number": 34,
      "translation_tl": "sumpa man sa madaling-araw kapag nagliwanag ito;",
      "footnotes": null
    },
    {
      "ayah_number": 35,
      "translation_tl": "tunay na [ang Apoy na] ito ay isa sa mga pinakamalaki",
      "footnotes": null
    },
    {
      "ayah_number": 36,
      "translation_tl": "bilang pagbabala para sa mga tao,",
      "footnotes": null
    },
    {
      "ayah_number": 37,
      "translation_tl": "para sa sinumang lumuob kabilang sa inyo na mauna o maantala.",
      "footnotes": null
    },
    {
      "ayah_number": 38,
      "translation_tl": "Bawat kaluluwa sa nakamit nito ay nakasangla,",
      "footnotes": null
    },
    {
      "ayah_number": 39,
      "translation_tl": "maliban sa mga kasamahan ng kanan,",
      "footnotes": null
    },
    {
      "ayah_number": 40,
      "translation_tl": "na sa mga Hardin ay magtatanungan sila",
      "footnotes": null
    },
    {
      "ayah_number": 41,
      "translation_tl": "tungkol sa mga salarin:",
      "footnotes": null
    },
    {
      "ayah_number": 42,
      "translation_tl": "“Ano ang nagpasok sa inyo sa Saqar?”",
      "footnotes": null
    },
    {
      "ayah_number": 43,
      "translation_tl": "Magsasabi ang mga ito: “Hindi kami dati kabilang sa mga nagdarasal,",
      "footnotes": null
    },
    {
      "ayah_number": 44,
      "translation_tl": "hindi kami dati nagpapakain sa dukha,",
      "footnotes": null
    },
    {
      "ayah_number": 45,
      "translation_tl": "kami dati ay sumusuong [sa kabulaanan] kasama sa mga sumusuong [sa kabulaanan],",
      "footnotes": null
    },
    {
      "ayah_number": 46,
      "translation_tl": "at kami dati ay nagpapabula sa Araw ng Pagtutumbas,",
      "footnotes": null
    },
    {
      "ayah_number": 47,
      "translation_tl": "hanggang sa pumunta sa amin ang katiyakan [ng kamatayan].”",
      "footnotes": null
    },
    {
      "ayah_number": 48,
      "translation_tl": "Kaya hindi magpapakinabang sa kanila ang pamamagitan ng mga tagapamagitan.",
      "footnotes": null
    },
    {
      "ayah_number": 49,
      "translation_tl": "Kaya ano ang mayroon sa kanila na sa pagpapaalaala ay mga tagaayaw?",
      "footnotes": null
    },
    {
      "ayah_number": 50,
      "translation_tl": "Para bang sila ay mga asnong ligaw na naiilang,",
      "footnotes": null
    },
    {
      "ayah_number": 51,
      "translation_tl": "na tumakas mula sa isang leyon.",
      "footnotes": null
    },
    {
      "ayah_number": 52,
      "translation_tl": "Bagkus nagnais ang bawat tao kabilang sa kanila na bigyan ng mga pahinang iniladlad.",
      "footnotes": null
    },
    {
      "ayah_number": 53,
      "translation_tl": "Aba’y hindi! Bagkus hindi sila nangangamba sa Kabilang-buhay.",
      "footnotes": null
    },
    {
      "ayah_number": 54,
      "translation_tl": "Aba’y hindi! Tunay na [ang Qur’ān na] ito ay isang pagpapaalaala.",
      "footnotes": null
    },
    {
      "ayah_number": 55,
      "translation_tl": "Kaya ang sinumang lumuob ay mag-alaala siya nito.",
      "footnotes": null
    },
    {
      "ayah_number": 56,
      "translation_tl": "Hindi sila nag-aalaala maliban na loobin ni Allāh. Siya ay ang karapat-dapat sa pangingilag magkasala at ang karapat-dapat sa pagpapatawad.",
      "footnotes": null
    }
  ]
}