{
  "surah_number": 75,
  "ayahs": [
    {
      "ayah_number": 1,
      "translation_tl": "Talagang sumusumpa Ako sa Araw ng Pagbangon.",
      "footnotes": null
    },
    {
      "ayah_number": 2,
      "translation_tl": "Talagang sumusumpa Ako sa palasising kaluluwa.",
      "footnotes": null
    },
    {
      "ayah_number": 3,
      "translation_tl": "Nag-aakala ba ang tao na hindi Kami magtitipon ng mga buto niya?",
      "footnotes": null
    },
    {
      "ayah_number": 4,
      "translation_tl": "Oo; nakakakaya na bumuo Kami ng mga dulo ng daliri niya.",
      "footnotes": null
    },
    {
      "ayah_number": 5,
      "translation_tl": "Bagkus nagnanais ang tao para magsamasamang-loob sa hinaharap niya.",
      "footnotes": null
    },
    {
      "ayah_number": 6,
      "translation_tl": "Nagtatanong siya: “Kailan ang Araw ng Pagbangon?”",
      "footnotes": null
    },
    {
      "ayah_number": 7,
      "translation_tl": "Kaya kapag nagitla ang paningin",
      "footnotes": null
    },
    {
      "ayah_number": 8,
      "translation_tl": "at nagdilim ang buwan,",
      "footnotes": null
    },
    {
      "ayah_number": 9,
      "translation_tl": "at ipinagsama ang araw at ang buwan;",
      "footnotes": null
    },
    {
      "ayah_number": 10,
      "translation_tl": "magsasabi ang tao sa Araw na iyon: “Saan ang matatakasan?”",
      "footnotes": null
    },
    {
      "ayah_number": 11,
      "translation_tl": "Aba’y hindi! Wala nang kublihan.",
      "footnotes": null
    },
    {
      "ayah_number": 12,
      "translation_tl": "Tungo sa Panginoon mo, sa Araw na iyon, ang pinagtitigilan.",
      "footnotes": null
    },
    {
      "ayah_number": 13,
      "translation_tl": "Babalitaan ang tao sa Araw na iyon hinggil sa ipinauna niya at ipinahuli niya.[1]",
      "footnotes": "[1] na gawang mabuti at gawang masama."
    },
    {
      "ayah_number": 14,
      "translation_tl": "Bagkus ang tao laban sa sarili niya ay isang patunay.[2]",
      "footnotes": "[2] O saksi."
    },
    {
      "ayah_number": 15,
      "translation_tl": "Kahit pa man naglahad siya ng mga dahi-dahilan niya.",
      "footnotes": null
    },
    {
      "ayah_number": 16,
      "translation_tl": "Huwag kang magpagalaw ng dila mo, [O Propeta Muḥammad,] kasabay nito upang magmadali ka nito.",
      "footnotes": null
    },
    {
      "ayah_number": 17,
      "translation_tl": "Tunay na nasa Amin ang pagtitipon nito [sa puso mo] at ang pagpapabigkas nito.",
      "footnotes": null
    },
    {
      "ayah_number": 18,
      "translation_tl": "Kaya kapag bumigkas Kami nito ay sumunod ka [O Propeta Muḥammad] sa pagpapabigkas nito.",
      "footnotes": null
    },
    {
      "ayah_number": 19,
      "translation_tl": "Pagkatapos tunay na nasa Amin ang paglilinaw nito [sa iyo].",
      "footnotes": null
    },
    {
      "ayah_number": 20,
      "translation_tl": "Aba’y hindi! Bagkus iniibig ninyo ang Panandaliang-buhay",
      "footnotes": null
    },
    {
      "ayah_number": 21,
      "translation_tl": "at hinahayaan ninyo ang Kabilang-buhay.",
      "footnotes": null
    },
    {
      "ayah_number": 22,
      "translation_tl": "May mga mukha, sa Araw na iyon, na nagniningning,",
      "footnotes": null
    },
    {
      "ayah_number": 23,
      "translation_tl": "sa Panginoon nila ay nakatingin.",
      "footnotes": null
    },
    {
      "ayah_number": 24,
      "translation_tl": "May mga mukha, sa Araw na iyon, na nakangiwi.",
      "footnotes": null
    },
    {
      "ayah_number": 25,
      "translation_tl": "Nakatitiyak sila na gagawa sa kanila ng isang makababali ng likod.",
      "footnotes": null
    },
    {
      "ayah_number": 26,
      "translation_tl": "Aba’y hindi! Kapag umabot [ang kaluluwang] ito sa balagat,",
      "footnotes": null
    },
    {
      "ayah_number": 27,
      "translation_tl": "at sasabihin: “Sino ang lulunas?”",
      "footnotes": null
    },
    {
      "ayah_number": 28,
      "translation_tl": "Nakatiyak siya na ito ay ang pakikipaghiwalay.",
      "footnotes": null
    },
    {
      "ayah_number": 29,
      "translation_tl": "Pupulupot ang binti sa binti.[3]",
      "footnotes": "[3] Ibig: sa pagkamatay o paghahanda para ilibing."
    },
    {
      "ayah_number": 30,
      "translation_tl": "Tungo sa Panginoon mo, sa Araw na iyon, ang pag-aakayan.",
      "footnotes": null
    },
    {
      "ayah_number": 31,
      "translation_tl": "Ngunit hindi siya nagpatotoo[4] at hindi siya nagdasal,",
      "footnotes": "[4] sa inihadtid ng Propeta"
    },
    {
      "ayah_number": 32,
      "translation_tl": "subalit nagpasinungaling [sa mensahe] siya at tumalikod siya [rito].",
      "footnotes": null
    },
    {
      "ayah_number": 33,
      "translation_tl": "Pagkatapos pumunta siya sa mag-anak niya, na nagmamayabang sa paglakad.",
      "footnotes": null
    },
    {
      "ayah_number": 34,
      "translation_tl": "Higit na malapit [na pagdurusa] ay ukol sa iyo saka higit na malapit [na pagdurusa]!",
      "footnotes": null
    },
    {
      "ayah_number": 35,
      "translation_tl": "Pagkatapos higit na malapit [na kasawian] ay ukol sa iyo saka higit na malapit [na kasawian]!",
      "footnotes": null
    },
    {
      "ayah_number": 36,
      "translation_tl": "Nag-aakala ba ang tao na iiwan siya nang napababayaan?[5]",
      "footnotes": "[5] na hindi naaatangan ng batas"
    },
    {
      "ayah_number": 37,
      "translation_tl": "Hindi ba siya dati ay isang patak mula sa punlay na ibinuhos?",
      "footnotes": null
    },
    {
      "ayah_number": 38,
      "translation_tl": "Pagkatapos siya ay naging isang malalinta, saka lumikha [si Allāh] saka bumuo [sa kanya].",
      "footnotes": null
    },
    {
      "ayah_number": 39,
      "translation_tl": "Saka gumawa Siya mula sa kanya ng magkapares: ang lalaki at ang babae.",
      "footnotes": null
    },
    {
      "ayah_number": 40,
      "translation_tl": "Hindi ba Iyon ay Nakakakaya na magbigay-buhay sa mga patay?",
      "footnotes": null
    }
  ]
}