{
  "surah_number": 77,
  "ayahs": [
    {
      "ayah_number": 1,
      "translation_tl": "Sumpa man sa mga [hanging] isinusugo nang sunud-sunod,",
      "footnotes": null
    },
    {
      "ayah_number": 2,
      "translation_tl": "saka sa mga [hanging] umuunos sa isang pag-unos;",
      "footnotes": null
    },
    {
      "ayah_number": 3,
      "translation_tl": "sumpa man sa mga [hanging] nagkakalat [ng ulan] sa isang pagkakalat,",
      "footnotes": null
    },
    {
      "ayah_number": 4,
      "translation_tl": "saka sa mga [anghel na] nagbubukod sa isang pagbubukod,",
      "footnotes": null
    },
    {
      "ayah_number": 5,
      "translation_tl": "saka sa mga [anghel na] naghahatid ng isang paalaala",
      "footnotes": null
    },
    {
      "ayah_number": 6,
      "translation_tl": "bilang pagdadahilan [sa tao] o bilang pagbabala [sa tao];",
      "footnotes": null
    },
    {
      "ayah_number": 7,
      "translation_tl": "tunay na ang ipinangangako sa inyo ay talagang magaganap.",
      "footnotes": null
    },
    {
      "ayah_number": 8,
      "translation_tl": "Kaya kapag ang mga bituin ay pinawi,",
      "footnotes": null
    },
    {
      "ayah_number": 9,
      "translation_tl": "kapag ang langit ay biniyak,",
      "footnotes": null
    },
    {
      "ayah_number": 10,
      "translation_tl": "kapag ang mga bundok ay pinalis,",
      "footnotes": null
    },
    {
      "ayah_number": 11,
      "translation_tl": "at kapag ang mga sugo ay tinaningan,",
      "footnotes": null
    },
    {
      "ayah_number": 12,
      "translation_tl": "para sa aling araw inantala sila?",
      "footnotes": null
    },
    {
      "ayah_number": 13,
      "translation_tl": "Para sa Araw ng Pagpapasya.",
      "footnotes": null
    },
    {
      "ayah_number": 14,
      "translation_tl": "Ano ang nagpabatid sa iyo kung ano ang Araw ng Pagpapasya?",
      "footnotes": null
    },
    {
      "ayah_number": 15,
      "translation_tl": "Kapighatian sa Araw na iyon ay ukol sa mga tagapagpasinungaling [sa inihatid ng mga sugo]!",
      "footnotes": null
    },
    {
      "ayah_number": 16,
      "translation_tl": "Hindi ba Kami nagpahamak sa mga sinauna?",
      "footnotes": null
    },
    {
      "ayah_number": 17,
      "translation_tl": "Pagkatapos nagpasunod Kami sa kanila ng mga huli.",
      "footnotes": null
    },
    {
      "ayah_number": 18,
      "translation_tl": "Gayon ang ginagawa Namin sa mga salarin.",
      "footnotes": null
    },
    {
      "ayah_number": 19,
      "translation_tl": "Kapighatian sa Araw na iyon ay ukol sa mga tagapagpasinungaling [sa banta ni Allāh]!",
      "footnotes": null
    },
    {
      "ayah_number": 20,
      "translation_tl": "Hindi ba Kami lumikha sa inyo mula sa likidong aba,",
      "footnotes": null
    },
    {
      "ayah_number": 21,
      "translation_tl": "saka naglagay Kami niyon sa isang pamamalagiang matibay [na sinapupunan]",
      "footnotes": null
    },
    {
      "ayah_number": 22,
      "translation_tl": "hanggang sa isang panahong nalalaman?",
      "footnotes": null
    },
    {
      "ayah_number": 23,
      "translation_tl": "Saka nagtakda Kami, saka kay inam ang Tagapagtakda![1]",
      "footnotes": "[1] O Nakaya Namin; kay inam na Makapangyarihan Kami."
    },
    {
      "ayah_number": 24,
      "translation_tl": "Kapighatian sa Araw na iyon ay ukol sa mga tagapagpasinungaling [sa kakayahan ni Allāh]!",
      "footnotes": null
    },
    {
      "ayah_number": 25,
      "translation_tl": "Hindi ba Kami gumawa sa lupa bilang ipunan",
      "footnotes": null
    },
    {
      "ayah_number": 26,
      "translation_tl": "ng mga buhay at ng mga patay?",
      "footnotes": null
    },
    {
      "ayah_number": 27,
      "translation_tl": "Naglagay Kami rito ng mga matatag na bundok na matatayog at nagpainom Kami sa inyo ng isang tubig tabang.",
      "footnotes": null
    },
    {
      "ayah_number": 28,
      "translation_tl": "Kapighatian sa Araw na iyon ay ukol sa mga tagapagpasinungaling [sa mga biyaya ni Allāh]!",
      "footnotes": null
    },
    {
      "ayah_number": 29,
      "translation_tl": "[Sasabihin]: “Humayo kayo tungo sa [pagdurusang] dati ninyong pinasisinungalingan.",
      "footnotes": null
    },
    {
      "ayah_number": 30,
      "translation_tl": "Humayo kayo tungo sa anino [ng usok] na may tatlong sangay,",
      "footnotes": null
    },
    {
      "ayah_number": 31,
      "translation_tl": "na hindi panlilim ni makapagpapakinabang laban sa liyab.”",
      "footnotes": null
    },
    {
      "ayah_number": 32,
      "translation_tl": "Tunay na ito ay nagtatapon ng mga alipato na gaya ng palasyo.",
      "footnotes": null
    },
    {
      "ayah_number": 33,
      "translation_tl": "Para bang ang mga ito ay mga itim na kamelyong naninilaw.",
      "footnotes": null
    },
    {
      "ayah_number": 34,
      "translation_tl": "Kapighatian sa Araw na iyon ay ukol sa mga tagapagpasinungaling [sa pagdurusang dulot ni Allāh]!",
      "footnotes": null
    },
    {
      "ayah_number": 35,
      "translation_tl": "Ito ay Araw na hindi sila bibigkas,",
      "footnotes": null
    },
    {
      "ayah_number": 36,
      "translation_tl": "at hindi magpapahintulot sa kanila para magdahi-dahilan sila.",
      "footnotes": null
    },
    {
      "ayah_number": 37,
      "translation_tl": "Kapighatian sa Araw na iyon ay ukol sa mga tagapagpasinungaling [sa mga ulat hinggil sa Araw na iyan]!",
      "footnotes": null
    },
    {
      "ayah_number": 38,
      "translation_tl": "Ito ay Araw ng Pagpapasya; magtitipon Kami sa inyo at sa mga sinauna.",
      "footnotes": null
    },
    {
      "ayah_number": 39,
      "translation_tl": "Kaya kung nagkaroon kayo ng isang panlalansi ay manlansi kayo sa Akin.",
      "footnotes": null
    },
    {
      "ayah_number": 40,
      "translation_tl": "Kapighatian sa Araw na iyon ay ukol sa mga tagapagpasinungaling [sa Araw ng Pagpapasya]!",
      "footnotes": null
    },
    {
      "ayah_number": 41,
      "translation_tl": "Tunay na ang mga tagapangilag magkasala ay nasa mga lilim at mga bukal [sa Paraiso],",
      "footnotes": null
    },
    {
      "ayah_number": 42,
      "translation_tl": "at mga prutas mula sa anumang ninanasa nila.",
      "footnotes": null
    },
    {
      "ayah_number": 43,
      "translation_tl": "[Sasabihin]: “Kumain kayo at uminom kayo nang kaiga-igaya dahil sa dati ninyo ginagawa [na maayos].”",
      "footnotes": null
    },
    {
      "ayah_number": 44,
      "translation_tl": "Tunay na Kami ay gayon gaganti sa mga tagagawa ng mabuti.",
      "footnotes": null
    },
    {
      "ayah_number": 45,
      "translation_tl": "Kapighatian sa Araw na iyon ay ukol sa mga tagapagpasinungaling [sa inihanda ni Allāh]!",
      "footnotes": null
    },
    {
      "ayah_number": 46,
      "translation_tl": "[Sasabihin]: “Kumain kayo at magpakatamasa kayo nang kaunti; tunay na kayo ay mga salarin.”",
      "footnotes": null
    },
    {
      "ayah_number": 47,
      "translation_tl": "Kapighatian sa Araw na iyon ay ukol sa mga tagapagpasinungaling [sa pagganti sa kanila]!",
      "footnotes": null
    },
    {
      "ayah_number": 48,
      "translation_tl": "Kapag sinabi sa kanila: “Yumukod kayo,” hindi sila yumuyukod.",
      "footnotes": null
    },
    {
      "ayah_number": 49,
      "translation_tl": "Kapighatian sa Araw na iyon ay ukol sa mga tagapagpasinungaling [sa inihatid ng mga sugo]!",
      "footnotes": null
    },
    {
      "ayah_number": 50,
      "translation_tl": "Kaya sa aling pag-uusap matapos [ng Qur’ān na] ito sasampalataya sila?",
      "footnotes": null
    }
  ]
}