{
  "surah_number": 78,
  "ayahs": [
    {
      "ayah_number": 1,
      "translation_tl": "Tungkol sa ano nagtatanungan sila [na mga tagapagtambal]?",
      "footnotes": null
    },
    {
      "ayah_number": 2,
      "translation_tl": "Tungkol sa balitang dakila [ng Qur’ān],",
      "footnotes": null
    },
    {
      "ayah_number": 3,
      "translation_tl": "na sila kaugnay rito ay mga nagkakaiba-iba.",
      "footnotes": null
    },
    {
      "ayah_number": 4,
      "translation_tl": "Aba’y hindi! Makaaalam sila.",
      "footnotes": null
    },
    {
      "ayah_number": 5,
      "translation_tl": "Pagkatapos aba’y hindi! Makaaalam sila.",
      "footnotes": null
    },
    {
      "ayah_number": 6,
      "translation_tl": "Hindi ba Kami gumawa sa lupa bilang nakalatag",
      "footnotes": null
    },
    {
      "ayah_number": 7,
      "translation_tl": "at sa mga bundok bilang mga tulos?",
      "footnotes": null
    },
    {
      "ayah_number": 8,
      "translation_tl": "Lumikha Kami sa inyo na magkapares.",
      "footnotes": null
    },
    {
      "ayah_number": 9,
      "translation_tl": "Gumawa Kami sa pagtulog ninyo bilang pamamahinga.",
      "footnotes": null
    },
    {
      "ayah_number": 10,
      "translation_tl": "Gumawa Kami sa gabi bilang kasuutan.",
      "footnotes": null
    },
    {
      "ayah_number": 11,
      "translation_tl": "Gumawa Kami sa maghapon bilang pinaghahanap-buhayan.",
      "footnotes": null
    },
    {
      "ayah_number": 12,
      "translation_tl": "Nagpatayo Kami sa ibabaw ninyo ng pitong [langit na] matindi.",
      "footnotes": null
    },
    {
      "ayah_number": 13,
      "translation_tl": "Gumawa Kami ng [araw bilang] isang sulo na palaliyab.",
      "footnotes": null
    },
    {
      "ayah_number": 14,
      "translation_tl": "Nagpababa Kami mula sa mga dagim ng isang tubig na bumubuhos",
      "footnotes": null
    },
    {
      "ayah_number": 15,
      "translation_tl": "upang magpalabas Kami sa pamamagitan nito ng mga butil at halaman",
      "footnotes": null
    },
    {
      "ayah_number": 16,
      "translation_tl": "at mga harding magkakapulupot.",
      "footnotes": null
    },
    {
      "ayah_number": 17,
      "translation_tl": "Tunay na ang Araw ng Pagpapasya ay isang takdang oras",
      "footnotes": null
    },
    {
      "ayah_number": 18,
      "translation_tl": "sa Araw na iihip sa tambuli saka pupunta kayo na pulu-pulutong.",
      "footnotes": null
    },
    {
      "ayah_number": 19,
      "translation_tl": "Bubuksan ang langit saka ito ay magiging mga pintuan.",
      "footnotes": null
    },
    {
      "ayah_number": 20,
      "translation_tl": "Iuusad ang mga bundok saka ang mga ito ay magiging isang malikmata.",
      "footnotes": null
    },
    {
      "ayah_number": 21,
      "translation_tl": "Tunay na ang Impiyerno ay magiging isang pantambang,",
      "footnotes": null
    },
    {
      "ayah_number": 22,
      "translation_tl": "na para sa mga tagapagmalabis ay isang uwian,",
      "footnotes": null
    },
    {
      "ayah_number": 23,
      "translation_tl": "na mga mamamalagi roon sa mga yugto.",
      "footnotes": null
    },
    {
      "ayah_number": 24,
      "translation_tl": "Hindi sila makatitikim doon ng isang lamig ni isang inumin,",
      "footnotes": null
    },
    {
      "ayah_number": 25,
      "translation_tl": "maliban sa isang nakapapasong tubig at isang nana",
      "footnotes": null
    },
    {
      "ayah_number": 26,
      "translation_tl": "bilang ganting angkop [sa masagwang gawa].",
      "footnotes": null
    },
    {
      "ayah_number": 27,
      "translation_tl": "Tunay na sila dati ay hindi nag-aasam ng isang pagtutuos.",
      "footnotes": null
    },
    {
      "ayah_number": 28,
      "translation_tl": "Nagpasinungaling sila sa mga talata Namin [sa Qur’ān] nang isang [tahasang] pagpapasinungaling.",
      "footnotes": null
    },
    {
      "ayah_number": 29,
      "translation_tl": "Sa bawat bagay [mula sa mga gawa ninyo ay nag-isa-isa sa isang talaan.",
      "footnotes": null
    },
    {
      "ayah_number": 30,
      "translation_tl": "Kaya lumasap kayo [ng pagdurusa] sapagkat hindi Kami magdaragdag sa inyo kundi ng isang pagdurusa.",
      "footnotes": null
    },
    {
      "ayah_number": 31,
      "translation_tl": "Tunay na ukol sa mga tagapangilag magkasala ay isang pagtatamuan [ng hinihiling nila]",
      "footnotes": null
    },
    {
      "ayah_number": 32,
      "translation_tl": "ng mga hardin at mga ubasan [sa Paraiso],",
      "footnotes": null
    },
    {
      "ayah_number": 33,
      "translation_tl": "ng mga dalagang mabibilog ang dibdib, na mga magkasinggulang,",
      "footnotes": null
    },
    {
      "ayah_number": 34,
      "translation_tl": "at ng kopang pinuno [ng alak].",
      "footnotes": null
    },
    {
      "ayah_number": 35,
      "translation_tl": "Hindi sila makaririnig doon [sa Paraiso] ng isang kabalbalan ni isang pagsisinungaling,",
      "footnotes": null
    },
    {
      "ayah_number": 36,
      "translation_tl": "bilang ganti mula sa Panginoon mo, bilang bigay na sulit",
      "footnotes": null
    },
    {
      "ayah_number": 37,
      "translation_tl": "[mula sa] Panginoon ng mga langit at lupa at anumang nasa pagitan ng mga ito, ang Napakamaawain; hindi sila nakapangyayari sa Kanya sa isang pakikipag-usap [malibang may pahintulot].",
      "footnotes": null
    },
    {
      "ayah_number": 38,
      "translation_tl": "Sa Araw na tatayo ang Espiritu [na si Anghel Gabriel] at ang mga anghel nang nakahanay, hindi sila magsasalita maliban sa sinumang nagpahintulot para roon ang Napakamaawain at magsasabi iyon ng tumpak.",
      "footnotes": null
    },
    {
      "ayah_number": 39,
      "translation_tl": "Iyon ay ang Araw na totoo; kaya ang sinumang lumuob gumawa siya tungo sa Panginoon niya ng isang uwian.",
      "footnotes": null
    },
    {
      "ayah_number": 40,
      "translation_tl": "Tunay na Kami ay nagbabala sa inyo ng isang pagdurusang malapit sa Araw na titingin ang tao sa anumang [maganda o masagwang gawa na] ipinauna ng mga kamay niya at magsasabi ang tagatangging sumampalataya: “O kung sana ako ay naging alabok!”",
      "footnotes": null
    }
  ]
}