{
  "surah_number": 80,
  "ayahs": [
    {
      "ayah_number": 1,
      "translation_tl": "Nagkunot-noo siya[1] at tumalikod siya",
      "footnotes": "[1] Ibig sabihin: si Propeta Muhammad"
    },
    {
      "ayah_number": 2,
      "translation_tl": "dahil dumating sa kanya ang bulag.[2]",
      "footnotes": "[2] Ang bulag ay si `Abdullāh ibnu Umm Maktūm na sumasabad sa paghiling ng patnubay samantalang ang Propeta naman ay abala sa pag-aanyaya sa Islam ng mga malaking tao ng liping Quraysh."
    },
    {
      "ayah_number": 3,
      "translation_tl": "Ano ang magpapaalam sa iyo na marahil siya[3] ay magpapakabusilak [sa kasalanan]",
      "footnotes": "[3] ang bulag"
    },
    {
      "ayah_number": 4,
      "translation_tl": "o magsasaalaala para magpakinabang sa kanya ang paalaala?",
      "footnotes": null
    },
    {
      "ayah_number": 5,
      "translation_tl": "Tungkol sa nag-akalang nakasasapat [para mangailangan ng pananampalataya],",
      "footnotes": null
    },
    {
      "ayah_number": 6,
      "translation_tl": "ikaw ay sa kanya nag-aasikaso.",
      "footnotes": null
    },
    {
      "ayah_number": 7,
      "translation_tl": "Ano [ang maisisisi] sa iyo na hindi siya magpakabusilak [sa kasalanan]?",
      "footnotes": null
    },
    {
      "ayah_number": 8,
      "translation_tl": "Hinggil naman sa dumating sa iyo na nagpupunyagi [sa paghahanap ng kabutihan]",
      "footnotes": null
    },
    {
      "ayah_number": 9,
      "translation_tl": "habang siya ay natatakot [kay Allāh],",
      "footnotes": null
    },
    {
      "ayah_number": 10,
      "translation_tl": "ikaw ay sa kanya nagwawalang-bahala.",
      "footnotes": null
    },
    {
      "ayah_number": 11,
      "translation_tl": "Aba’y hindi! Tunay na ang mga [talatang] ito ay isang pagpapaalaala;",
      "footnotes": null
    },
    {
      "ayah_number": 12,
      "translation_tl": "kaya ang sinumang lumuob ay mag-aalaala siya nitong [ Qur’ān].",
      "footnotes": null
    },
    {
      "ayah_number": 13,
      "translation_tl": "[Ito ay] nasa mga pahinang pinarangalan,",
      "footnotes": null
    },
    {
      "ayah_number": 14,
      "translation_tl": "na inangat na dinalisay,",
      "footnotes": null
    },
    {
      "ayah_number": 15,
      "translation_tl": "na nasa mga kamay ng mga [anghel na] tagatala,",
      "footnotes": null
    },
    {
      "ayah_number": 16,
      "translation_tl": "na mararangal na mabubuting-loob.",
      "footnotes": null
    },
    {
      "ayah_number": 17,
      "translation_tl": "Sumpain ang tao [na tagatangging sumampalataya]; anong palatangging sumampalataya nito!",
      "footnotes": null
    },
    {
      "ayah_number": 18,
      "translation_tl": "Mula sa aling bagay lumikha Siya nito?",
      "footnotes": null
    },
    {
      "ayah_number": 19,
      "translation_tl": "Mula sa isang patak lumikha Siya nito saka nagtakda Siya rito.",
      "footnotes": null
    },
    {
      "ayah_number": 20,
      "translation_tl": "Pagkatapos sa landas[4] ay nagpadali Siya nito.",
      "footnotes": "[4] ng paglabas mula sa sinapupunan"
    },
    {
      "ayah_number": 21,
      "translation_tl": "Pagkatapos nagbigay-kamatayan Siya rito saka nagpalibing Siya rito.",
      "footnotes": null
    },
    {
      "ayah_number": 22,
      "translation_tl": "Pagkatapos kapag niloob Niya ay bubuhay Siya rito.",
      "footnotes": null
    },
    {
      "ayah_number": 23,
      "translation_tl": "Aba’y hindi! Hindi pa ito gumanap sa ipinag-utos Niya rito.",
      "footnotes": null
    },
    {
      "ayah_number": 24,
      "translation_tl": "Kaya tumingin ang tao sa pagkain nito –",
      "footnotes": null
    },
    {
      "ayah_number": 25,
      "translation_tl": "na Kami ay nagbuhos ng tubig sa pagbubuhos,",
      "footnotes": null
    },
    {
      "ayah_number": 26,
      "translation_tl": "pagkatapos bumiyak Kami sa lupa nang biyak-biyak [para sa halaman],",
      "footnotes": null
    },
    {
      "ayah_number": 27,
      "translation_tl": "saka nagpatubo Kami rito ng mga butil,",
      "footnotes": null
    },
    {
      "ayah_number": 28,
      "translation_tl": "at ubas at kumpay,",
      "footnotes": null
    },
    {
      "ayah_number": 29,
      "translation_tl": "at oliba at datiles,",
      "footnotes": null
    },
    {
      "ayah_number": 30,
      "translation_tl": "at mga harding malago,",
      "footnotes": null
    },
    {
      "ayah_number": 31,
      "translation_tl": "at prutas at damo –",
      "footnotes": null
    },
    {
      "ayah_number": 32,
      "translation_tl": "bilang tinatamasa para sa inyo at para sa mga hayupan ninyo.",
      "footnotes": null
    },
    {
      "ayah_number": 33,
      "translation_tl": "Ngunit kapag dumating ang Dagundong[5]",
      "footnotes": "[5] Ibig sabihin: ang ikalawang pag-ihip sa tambuli."
    },
    {
      "ayah_number": 34,
      "translation_tl": "sa Araw na tatakas ang tao mula sa kapatid niya,",
      "footnotes": null
    },
    {
      "ayah_number": 35,
      "translation_tl": "at ina niya at ama niya,",
      "footnotes": null
    },
    {
      "ayah_number": 36,
      "translation_tl": "at asawa niya at mga anak niya.",
      "footnotes": null
    },
    {
      "ayah_number": 37,
      "translation_tl": "Ukol sa bawat tao kabilang sa kanila sa Araw na iyon ay isang kaukulang sasapat sa kanya.",
      "footnotes": null
    },
    {
      "ayah_number": 38,
      "translation_tl": "May mga mukha sa Araw na iyon na nagliliwanag,",
      "footnotes": null
    },
    {
      "ayah_number": 39,
      "translation_tl": "na tumatawa na nagagalak.",
      "footnotes": null
    },
    {
      "ayah_number": 40,
      "translation_tl": "May mga mukha sa Araw na iyon na sa mga ito ay may alabok.",
      "footnotes": null
    },
    {
      "ayah_number": 41,
      "translation_tl": "May lulukob sa mga ito na isang panglaw.",
      "footnotes": null
    },
    {
      "ayah_number": 42,
      "translation_tl": "Ang mga iyon ay ang mga tagatangging sumampalataya na masasamang-loob.",
      "footnotes": null
    }
  ]
}