{
  "surah_number": 81,
  "ayahs": [
    {
      "ayah_number": 1,
      "translation_tl": "Kapag ang araw ay ipinulupot,",
      "footnotes": null
    },
    {
      "ayah_number": 2,
      "translation_tl": "kapag ang mga bituin ay pumanglaw,",
      "footnotes": null
    },
    {
      "ayah_number": 3,
      "translation_tl": "kapag ang mga bundok ay iuusad,",
      "footnotes": null
    },
    {
      "ayah_number": 4,
      "translation_tl": "kapag ang mga buntis na kamelyo[1] ay pinabayaan,",
      "footnotes": "[1] Ibig sabhin: ang mga pinakamamahaling ari-arian"
    },
    {
      "ayah_number": 5,
      "translation_tl": "kapag ang mga mailap na hayop ay kinalap,",
      "footnotes": null
    },
    {
      "ayah_number": 6,
      "translation_tl": "kapag ang mga dagat ay pinagliyab,",
      "footnotes": null
    },
    {
      "ayah_number": 7,
      "translation_tl": "kapag ang mga kaluluwa ay ipinagpares,[2]",
      "footnotes": "[2] sa katulad ng mga ito"
    },
    {
      "ayah_number": 8,
      "translation_tl": "kapag ang [batang] babaing inilibing nang buhay ay tatanungin",
      "footnotes": null
    },
    {
      "ayah_number": 9,
      "translation_tl": "dahil sa aling pagkakasala siya pinatay,",
      "footnotes": null
    },
    {
      "ayah_number": 10,
      "translation_tl": "kapag ang mga pahina [ng tala ng gawa ng tao] ay inilatag,",
      "footnotes": null
    },
    {
      "ayah_number": 11,
      "translation_tl": "kapag ang langit ay tinuklap,",
      "footnotes": null
    },
    {
      "ayah_number": 12,
      "translation_tl": "kapag ang Impiyerno ay pinagliyab,",
      "footnotes": null
    },
    {
      "ayah_number": 13,
      "translation_tl": "at kapag ang Paraiso ay pinalapit [sa mga mananampalataya];",
      "footnotes": null
    },
    {
      "ayah_number": 14,
      "translation_tl": "malalaman ng isang kaluluwa ang ilalahad nito [na maganda at masagwa].",
      "footnotes": null
    },
    {
      "ayah_number": 15,
      "translation_tl": "Kaya talagang sumusumpa Ako sa mga bituing umuurong,",
      "footnotes": null
    },
    {
      "ayah_number": 16,
      "translation_tl": "na umiinog na nagtatago,",
      "footnotes": null
    },
    {
      "ayah_number": 17,
      "translation_tl": "at sa gabi kapag umurong-sulong ito,",
      "footnotes": null
    },
    {
      "ayah_number": 18,
      "translation_tl": "at sa madaling-araw kapag huminga ito;",
      "footnotes": null
    },
    {
      "ayah_number": 19,
      "translation_tl": "tunay na [ang Qur’ān na] ito ay talagang sinabi [ni Allāh] sa isang sugong marangal,",
      "footnotes": null
    },
    {
      "ayah_number": 20,
      "translation_tl": "[si Anghel Gabriel] na may lakas sa ganang May-ari ng Trono, na mataas sa kalagayan,",
      "footnotes": null
    },
    {
      "ayah_number": 21,
      "translation_tl": "na tinatalima [ng mga anghel], pagkatapos mapagkakatiwalaan.",
      "footnotes": null
    },
    {
      "ayah_number": 22,
      "translation_tl": "[O mga tao,] ang kasamahan ninyo [na si Propeta Muḥammad] ay hindi isang baliw.",
      "footnotes": null
    },
    {
      "ayah_number": 23,
      "translation_tl": "Talaga ngang nakakita siya rıto [kay Anghel Gabriel] sa abot-tanaw na malinaw.",
      "footnotes": null
    },
    {
      "ayah_number": 24,
      "translation_tl": "Siya, [sa pagpapaabot ng kaalaman] sa nakalingid, ay hindi isang sakim.",
      "footnotes": null
    },
    {
      "ayah_number": 25,
      "translation_tl": "[Ang Qur’ān na] ito ay hindi sinabi ng isang demonyong kasumpa-sumpa.",
      "footnotes": null
    },
    {
      "ayah_number": 26,
      "translation_tl": "Kaya saan kayo pupunta?",
      "footnotes": null
    },
    {
      "ayah_number": 27,
      "translation_tl": "Walang iba ito kundi isang paalaala para sa mga nilalang,",
      "footnotes": null
    },
    {
      "ayah_number": 28,
      "translation_tl": "para sa sinumang lumoob kabilang sa inyo na magpakatuwid,",
      "footnotes": null
    },
    {
      "ayah_number": 29,
      "translation_tl": "at hindi kayo magloloob maliban na lumuob si Allāh, ang Panginoon ng mga nilalang.",
      "footnotes": null
    }
  ]
}