{
  "surah_number": 82,
  "ayahs": [
    {
      "ayah_number": 1,
      "translation_tl": "Kapag ang langit ay nabitak,",
      "footnotes": null
    },
    {
      "ayah_number": 2,
      "translation_tl": "kapag ang mga tala ay kumalat,",
      "footnotes": null
    },
    {
      "ayah_number": 3,
      "translation_tl": "kapag ang mga dagat ay isinambulat,",
      "footnotes": null
    },
    {
      "ayah_number": 4,
      "translation_tl": "at kapag ang mga libingan ay hinalukay;",
      "footnotes": null
    },
    {
      "ayah_number": 5,
      "translation_tl": "malalaman ng isang kaluluwa ang ipinauna niya at ipinaantala niya [na mga gawa].",
      "footnotes": null
    },
    {
      "ayah_number": 6,
      "translation_tl": "O tao, ano ang luminlang sa iyo hinggil sa Panginoon mo, ang Mapagbigay?",
      "footnotes": null
    },
    {
      "ayah_number": 7,
      "translation_tl": "[Siya] ang lumikha sa iyo, saka humubog sa iyo, saka nagpaangkop sa iyo.",
      "footnotes": null
    },
    {
      "ayah_number": 8,
      "translation_tl": "Sa alinmang anyo na niloob Niya ay bumuo Siya sa iyo.",
      "footnotes": null
    },
    {
      "ayah_number": 9,
      "translation_tl": "Aba’y hindi! Bagkus nagpapasinungaling kayo sa pagtutumbas [sa mga gawa].",
      "footnotes": null
    },
    {
      "ayah_number": 10,
      "translation_tl": "Tunay na sa inyo ay talagang may mga tagapag-ingat,",
      "footnotes": null
    },
    {
      "ayah_number": 11,
      "translation_tl": "na mararangal na mga tagasulat.",
      "footnotes": null
    },
    {
      "ayah_number": 12,
      "translation_tl": "Nakaaalam sila sa anumang ginagawa ninyo.",
      "footnotes": null
    },
    {
      "ayah_number": 13,
      "translation_tl": "Tunay na ang mga mabuting-loob ay talagang nasa isang kaginhawahan.",
      "footnotes": null
    },
    {
      "ayah_number": 14,
      "translation_tl": "Tunay na ang mga masamang-loob ay talagang nasa isang impiyerno.",
      "footnotes": null
    },
    {
      "ayah_number": 15,
      "translation_tl": "Masusunog sila roon sa Araw ng Pagtutumbas.",
      "footnotes": null
    },
    {
      "ayah_number": 16,
      "translation_tl": "Sila palayo roon ay hindi mga makaliliban.",
      "footnotes": null
    },
    {
      "ayah_number": 17,
      "translation_tl": "Ano ang nagpabatid sa iyo kung ano ang Araw ng Pagtutumbas?",
      "footnotes": null
    },
    {
      "ayah_number": 18,
      "translation_tl": "Pagkatapos ano ang nagpabatid sa iyo kung ano ang Araw ng Pagtutumbas?",
      "footnotes": null
    },
    {
      "ayah_number": 19,
      "translation_tl": "[Iyon ay] sa Araw na hindi makapagdudulot ang isang kaluluwa sa isang kaluluwa ng anuman at ang pag-uutos sa Araw na iyon ay ukol kay Allāh.",
      "footnotes": null
    }
  ]
}