{
  "surah_number": 83,
  "ayahs": [
    {
      "ayah_number": 1,
      "translation_tl": "Kapighatian ay ukol sa mga tagapag-umit-umit,",
      "footnotes": null
    },
    {
      "ayah_number": 2,
      "translation_tl": "na kapag nagpatakal sila sa mga tao ay nagpapalubus-lubos sila,",
      "footnotes": null
    },
    {
      "ayah_number": 3,
      "translation_tl": "at kapag tumakal sila sa mga ito o tumimbang sila sa mga ito ay nanlulugi sila.",
      "footnotes": null
    },
    {
      "ayah_number": 4,
      "translation_tl": "Hindi ba nakatitiyak ang mga iyon na sila ay mga bubuhayin",
      "footnotes": null
    },
    {
      "ayah_number": 5,
      "translation_tl": "para sa isang araw na sukdulan,",
      "footnotes": null
    },
    {
      "ayah_number": 6,
      "translation_tl": "sa araw na tatayo ang mga tao sa [harap ng] Panginoon ng mga nilalang?",
      "footnotes": null
    },
    {
      "ayah_number": 7,
      "translation_tl": "Aba’y hindi! Tunay na ang talaan ng mga masamang-loob ay talagang nasa Sijjīn.",
      "footnotes": null
    },
    {
      "ayah_number": 8,
      "translation_tl": "Ano ang nagpabatid sa iyo kung ano ang Sijjīn?",
      "footnotes": null
    },
    {
      "ayah_number": 9,
      "translation_tl": "Isang talaan na sinulatan.",
      "footnotes": null
    },
    {
      "ayah_number": 10,
      "translation_tl": "Kapighatian sa Araw na iyon ay ukol sa mga tagapagpasinungaling,",
      "footnotes": null
    },
    {
      "ayah_number": 11,
      "translation_tl": "na mga nagpapasinungaling sa Araw ng Pagtutumbas.",
      "footnotes": null
    },
    {
      "ayah_number": 12,
      "translation_tl": "Walang nagpapasinungaling doon kundi ang bawat tagalabag na makasalanan.",
      "footnotes": null
    },
    {
      "ayah_number": 13,
      "translation_tl": "Kapag binibigkas sa kanya ang mga talata Namin [sa Qur’ān] ay nagsasabi siya: “Mga alamat ng mga sinauna!”",
      "footnotes": null
    },
    {
      "ayah_number": 14,
      "translation_tl": "Aba’y hindi! Bagkus, nagmantsa sa mga puso nila ang [pagkakasalang] dati nilang nakakamit.",
      "footnotes": null
    },
    {
      "ayah_number": 15,
      "translation_tl": "Aba’y hindi! Tunay na sila, sa [pagkakita sa] Panginoon nila sa araw na iyon, ay talagang mga lalambungan.",
      "footnotes": null
    },
    {
      "ayah_number": 16,
      "translation_tl": "Pagkatapos tunay na sila ay talagang masusunog sa Impiyerno.",
      "footnotes": null
    },
    {
      "ayah_number": 17,
      "translation_tl": "Pagkatapos sasabihin sa kanila: “Ito ay ang dati ninyong pinasisinungalingan.”",
      "footnotes": null
    },
    {
      "ayah_number": 18,
      "translation_tl": "Aba’y hindi! Tunay na ang talaan ng mga mabuting-loob ay talagang nasa `Illīyūn.",
      "footnotes": null
    },
    {
      "ayah_number": 19,
      "translation_tl": "Ano ang nagpabatid sa iyo kung ano ang `Illīyūn?",
      "footnotes": null
    },
    {
      "ayah_number": 20,
      "translation_tl": "Isang talaan na sinulatan,",
      "footnotes": null
    },
    {
      "ayah_number": 21,
      "translation_tl": "Sasaksi rito ang mga [anghel na] inilapit [kay Allāh].",
      "footnotes": null
    },
    {
      "ayah_number": 22,
      "translation_tl": "Tunay na ang mga mabuting-loob ay talagang nasa isang kaginhawahan,",
      "footnotes": null
    },
    {
      "ayah_number": 23,
      "translation_tl": "habang nasa mga supa ay nakatingin [sa nagpapagalak sa kanila].",
      "footnotes": null
    },
    {
      "ayah_number": 24,
      "translation_tl": "Makakikilala ka sa mga mukha nila ng ningning ng Kaginhawahan.",
      "footnotes": null
    },
    {
      "ayah_number": 25,
      "translation_tl": "Paiinumin sila mula sa isang dalisay na alak na ipininid.",
      "footnotes": null
    },
    {
      "ayah_number": 26,
      "translation_tl": "Ang pampinid nito ay musk, at alang-alang doon ay magtagisan ang mga magtatagisan.",
      "footnotes": null
    },
    {
      "ayah_number": 27,
      "translation_tl": "Ang lahok nito ay mula sa Tasnīm,[1]",
      "footnotes": "[1] isang bukal sa pinakamataas na bahagi ng Paraiso."
    },
    {
      "ayah_number": 28,
      "translation_tl": "isang bukal na iinom mula roon ang mga inilapit.",
      "footnotes": null
    },
    {
      "ayah_number": 29,
      "translation_tl": "Tunay na ang mga nagpakasalarin ay dati sa mga sumampalataya tumatawa.",
      "footnotes": null
    },
    {
      "ayah_number": 30,
      "translation_tl": "Kapag naparaan sila sa mga ito ay nagkikindatan sila [bilang panunuya].",
      "footnotes": null
    },
    {
      "ayah_number": 31,
      "translation_tl": "Kapag umuwi sila sa mga kapwa nila ay umuuwi sila na mga nagbibiro.",
      "footnotes": null
    },
    {
      "ayah_number": 32,
      "translation_tl": "Kapag nakakita sila sa mga ito ay nagsasabi sila: “Tunay na ang mga ito ay talagang mga ligaw.”",
      "footnotes": null
    },
    {
      "ayah_number": 33,
      "translation_tl": "Hindi sila isinugo sa mga ito bilang mga tagapag-ingat.",
      "footnotes": null
    },
    {
      "ayah_number": 34,
      "translation_tl": "Kaya sa Araw na iyon ang mga sumampalataya ay sa mga tagatangging sumampalataya tatawa",
      "footnotes": null
    },
    {
      "ayah_number": 35,
      "translation_tl": "habang nasa mga supa ay nakatingin.[2]",
      "footnotes": "[2] sa inihanda ni Allāh sa kanila na mga biyaya."
    },
    {
      "ayah_number": 36,
      "translation_tl": "Gagantimpalaan kaya ang mga tagatangging sumampalataya sa anumang dati nilang ginagawa?[3]",
      "footnotes": "[3] Ibig sabihin: Gagantimpalaan sila ng pagdurusa sa mga ginawa nila."
    }
  ]
}