{
  "surah_number": 84,
  "ayahs": [
    {
      "ayah_number": 1,
      "translation_tl": "Kapag ang langit ay nabiyak",
      "footnotes": null
    },
    {
      "ayah_number": 2,
      "translation_tl": "at duminig ito sa Panginoon nito at nagindapat ito,",
      "footnotes": null
    },
    {
      "ayah_number": 3,
      "translation_tl": "kapag ang lupa ay binanat,",
      "footnotes": null
    },
    {
      "ayah_number": 4,
      "translation_tl": "at nagtapon ito ng nasa loob nito at nagtatwa ito,",
      "footnotes": null
    },
    {
      "ayah_number": 5,
      "translation_tl": "at duminig ito sa Panginoon nito at nagindapat ito;",
      "footnotes": null
    },
    {
      "ayah_number": 6,
      "translation_tl": "O tao, tunay na ikaw ay nagpapakapagod tungo sa Panginoon mo sa isang pagpapakapagod kaya makikipagkita [ka] rito.[1]",
      "footnotes": "[1] sa Araw ng Pagtutuos upang gantihan ka ni Allāh sa mga ito."
    },
    {
      "ayah_number": 7,
      "translation_tl": "Kaya hinggil sa sinumang bibigyan ng talaan niya sa kanang kamay niya,",
      "footnotes": null
    },
    {
      "ayah_number": 8,
      "translation_tl": "tutuusin siya sa isang pagtutuos na magaan",
      "footnotes": null
    },
    {
      "ayah_number": 9,
      "translation_tl": "at uuwi siya sa mag-anak niya na pinagagalak.",
      "footnotes": null
    },
    {
      "ayah_number": 10,
      "translation_tl": "Hinggil naman sa sinumang bibigyan ng talaan niya sa bandang likod niya,",
      "footnotes": null
    },
    {
      "ayah_number": 11,
      "translation_tl": "mananawagan siya ng pagkagupo",
      "footnotes": null
    },
    {
      "ayah_number": 12,
      "translation_tl": "at masusunog siya sa isang liyab.",
      "footnotes": null
    },
    {
      "ayah_number": 13,
      "translation_tl": "Tunay na siya dati sa piling ng mga kapwa niya ay pinagagalak.",
      "footnotes": null
    },
    {
      "ayah_number": 14,
      "translation_tl": "Tunay na siya ay nagpalagay na hindi siya manunumbalik [kay Allāh].",
      "footnotes": null
    },
    {
      "ayah_number": 15,
      "translation_tl": "Bagkus, tunay na ang Panginoon niya ay laging sa kanya nakakikita.",
      "footnotes": null
    },
    {
      "ayah_number": 16,
      "translation_tl": "Kaya talagang sumusumpa Ako sa pamumula ng takipsilim,",
      "footnotes": null
    },
    {
      "ayah_number": 17,
      "translation_tl": "at sa gabi at sa iniipon nito,",
      "footnotes": null
    },
    {
      "ayah_number": 18,
      "translation_tl": "at sa buwan kapag namilog ito;",
      "footnotes": null
    },
    {
      "ayah_number": 19,
      "translation_tl": "talagang lululan nga kayo sa isang antas buhat sa isang antas.",
      "footnotes": null
    },
    {
      "ayah_number": 20,
      "translation_tl": "Kaya ano ang mayroon sa kanila na hindi sila sumasampalataya?",
      "footnotes": null
    },
    {
      "ayah_number": 21,
      "translation_tl": "Kapag binigkas sa kanila ang Qur’ān ay hindi sila nagpapatirapa.",
      "footnotes": null
    },
    {
      "ayah_number": 22,
      "translation_tl": "Bagkus ang mga tumangging sumampalataya ay nagpapasinungaling.",
      "footnotes": null
    },
    {
      "ayah_number": 23,
      "translation_tl": "Si Allāh ay higit na maalam sa anumang iniimbak nila [sa mga dibdib nila].",
      "footnotes": null
    },
    {
      "ayah_number": 24,
      "translation_tl": "Kaya magbalita ka sa kanila hinggil sa isang pagdurusang masakit,",
      "footnotes": null
    },
    {
      "ayah_number": 25,
      "translation_tl": "maliban ang mga sumampalataya at gumawa ng mga maayos; ukol sa kanila ay isang pabuyang hindi matitigil.",
      "footnotes": null
    }
  ]
}