{
  "surah_number": 86,
  "ayahs": [
    {
      "ayah_number": 1,
      "translation_tl": "Sumpa man sa langit at sa tagapunta sa gabi.",
      "footnotes": null
    },
    {
      "ayah_number": 2,
      "translation_tl": "Ano ang nagpabatid sa iyo kung ano ang tagapunta sa gabi?",
      "footnotes": null
    },
    {
      "ayah_number": 3,
      "translation_tl": "[Ito] ang bituing tumatagos.",
      "footnotes": null
    },
    {
      "ayah_number": 4,
      "translation_tl": "Walang kaluluwa malibang dito ay may isang [anghel na] tagapag-ingat.",
      "footnotes": null
    },
    {
      "ayah_number": 5,
      "translation_tl": "Kaya tumingin ang tao mula sa ano siya nilikha.",
      "footnotes": null
    },
    {
      "ayah_number": 6,
      "translation_tl": "Nilikha siya mula sa isang likidong pumupulandit,",
      "footnotes": null
    },
    {
      "ayah_number": 7,
      "translation_tl": "na lumalabas mula sa pagitan ng gulugod [ng lalaki] at mga tadyang.",
      "footnotes": null
    },
    {
      "ayah_number": 8,
      "translation_tl": "Tunay na Siya, sa pagpapabalik dito,[1] ay talagang Nakakakaya.",
      "footnotes": "[1] sa buhay mula sa kamatayan para sa pagtutuos."
    },
    {
      "ayah_number": 9,
      "translation_tl": "Sa Araw na sisiyasatin ang mga lihim [para ibunyag],",
      "footnotes": null
    },
    {
      "ayah_number": 10,
      "translation_tl": "walang ukol sa kanya na anumang lakas ni tagapag-adya.",
      "footnotes": null
    },
    {
      "ayah_number": 11,
      "translation_tl": "Sumpa man sa langit na may pagpapabalik,",
      "footnotes": null
    },
    {
      "ayah_number": 12,
      "translation_tl": "sumpa man sa lupa na may bitak [ng pagtubo ng halaman];",
      "footnotes": null
    },
    {
      "ayah_number": 13,
      "translation_tl": "tunay na [ang Qur’ān na] ito ay talagang isang sinabing pambukod,",
      "footnotes": null
    },
    {
      "ayah_number": 14,
      "translation_tl": "at hindi ito ang biru-biro.",
      "footnotes": null
    },
    {
      "ayah_number": 15,
      "translation_tl": "Tunay na sila ay nanlansi ng isang panlalansi [laban sa inihatid ng Propeta],",
      "footnotes": null
    },
    {
      "ayah_number": 16,
      "translation_tl": "at nanlansi naman Ako ng isang panlalansi [laban sa kanila].",
      "footnotes": null
    },
    {
      "ayah_number": 17,
      "translation_tl": "Kaya mag-anta-antabay ka sa mga tagatangging sumampalataya, mag-antabay ka sa kanila nang hinay-hinay.",
      "footnotes": null
    }
  ]
}