{
  "surah_number": 88,
  "ayahs": [
    {
      "ayah_number": 1,
      "translation_tl": "Nakarating ba sa iyo [O Sugo] ang sanaysay ng Tagalukob[1]?",
      "footnotes": "[1] na Araw ng Pagbangon, na babalot sa mga tao ng mga hilakbot"
    },
    {
      "ayah_number": 2,
      "translation_tl": "May mga mukha sa Araw na iyon na nagtataimtim,",
      "footnotes": null
    },
    {
      "ayah_number": 3,
      "translation_tl": "na gumagawa [sa Mundo], na magpapakapagal [sa Kabilang-buhay],",
      "footnotes": null
    },
    {
      "ayah_number": 4,
      "translation_tl": "na masusunog sa isang apoy na napakainit,",
      "footnotes": null
    },
    {
      "ayah_number": 5,
      "translation_tl": "na paiinumin mula sa isang bukal na pagkainit-init.",
      "footnotes": null
    },
    {
      "ayah_number": 6,
      "translation_tl": "Wala silang pagkain maliban sa mula sa isang matinik na halaman,",
      "footnotes": null
    },
    {
      "ayah_number": 7,
      "translation_tl": "na hindi nagpapataba at hindi nakatutugon sa gutom.",
      "footnotes": null
    },
    {
      "ayah_number": 8,
      "translation_tl": "May mga mukha sa Araw na iyon na nagiginhawahan,",
      "footnotes": null
    },
    {
      "ayah_number": 9,
      "translation_tl": "na dahil sa pinagpunyagian ng mga ito ay nalulugod,",
      "footnotes": null
    },
    {
      "ayah_number": 10,
      "translation_tl": "sa isang harding mataas,",
      "footnotes": null
    },
    {
      "ayah_number": 11,
      "translation_tl": "na hindi sila makaririnig doon ng isang satsat.",
      "footnotes": null
    },
    {
      "ayah_number": 12,
      "translation_tl": "Doon ay may bukal na dumadaloy.",
      "footnotes": null
    },
    {
      "ayah_number": 13,
      "translation_tl": "Doon ay may mga kamang nakaangat,",
      "footnotes": null
    },
    {
      "ayah_number": 14,
      "translation_tl": "may mga kopang nakalagay,",
      "footnotes": null
    },
    {
      "ayah_number": 15,
      "translation_tl": "may mga almohadon na nakahanay,",
      "footnotes": null
    },
    {
      "ayah_number": 16,
      "translation_tl": "at mga alpombrang ikinalat.",
      "footnotes": null
    },
    {
      "ayah_number": 17,
      "translation_tl": "Kaya hindi ba sila tumitingin sa mga kamelyo kung papaanong nilikha ang mga ito,",
      "footnotes": null
    },
    {
      "ayah_number": 18,
      "translation_tl": "at sa langit kung papaanong inangat ito,",
      "footnotes": null
    },
    {
      "ayah_number": 19,
      "translation_tl": "at sa mga bundok kung papaanong itinirik ang mga ito,",
      "footnotes": null
    },
    {
      "ayah_number": 20,
      "translation_tl": "at sa lupa kung papaanong inilatag ito?",
      "footnotes": null
    },
    {
      "ayah_number": 21,
      "translation_tl": "Kaya magpaalaala ka [sa kanila, O Propeta Muḥammad]; ikaw ay isang tagapagpaalaala lamang.",
      "footnotes": null
    },
    {
      "ayah_number": 22,
      "translation_tl": "Hindi ka sa kanila isang tagapanaig [sa pagsampalataya].",
      "footnotes": null
    },
    {
      "ayah_number": 23,
      "translation_tl": "Ngunit ang sinumang tumalikod at tumangging sumampalataya",
      "footnotes": null
    },
    {
      "ayah_number": 24,
      "translation_tl": "ay pagdurusahin siya ni Allāh ng pagdurusang pinakamalaki.",
      "footnotes": null
    },
    {
      "ayah_number": 25,
      "translation_tl": "Tunay na tungo sa Amin ang pag-uwi nila.",
      "footnotes": null
    },
    {
      "ayah_number": 26,
      "translation_tl": "Pagkatapos tunay na sa Amin ang pagtutuos sa kanila.",
      "footnotes": null
    }
  ]
}