{
  "surah_number": 90,
  "ayahs": [
    {
      "ayah_number": 1,
      "translation_tl": "Talagang sumusumpa Ako sa bayang ito",
      "footnotes": null
    },
    {
      "ayah_number": 2,
      "translation_tl": "habang ikaw ay napahihintulutan [na gumawa ng anuman] sa bayang ito [ng Makkah].",
      "footnotes": null
    },
    {
      "ayah_number": 3,
      "translation_tl": "Sumpa man sa isang nag-anak [na si Adan] at sa inanak niya,",
      "footnotes": null
    },
    {
      "ayah_number": 4,
      "translation_tl": "talaga ngang lumikha Kami sa tao sa isang pagpapakahirap.",
      "footnotes": null
    },
    {
      "ayah_number": 5,
      "translation_tl": "Nag-aakala ba siya na walang nakakakaya sa kanya na isa man?",
      "footnotes": null
    },
    {
      "ayah_number": 6,
      "translation_tl": "Magsasabi siya: “Umubos ako ng isang tambak na yaman.”",
      "footnotes": null
    },
    {
      "ayah_number": 7,
      "translation_tl": "Nag-aakala ba siya na walang nakakita sa kanya na isa man?",
      "footnotes": null
    },
    {
      "ayah_number": 8,
      "translation_tl": "Hindi ba Kami gumawa para sa kanya ng dalawang mata,",
      "footnotes": null
    },
    {
      "ayah_number": 9,
      "translation_tl": "isang dila, at dalawang labi?",
      "footnotes": null
    },
    {
      "ayah_number": 10,
      "translation_tl": "Nagpatnubay Kami sa kanya sa dalawang daanan [ng kabutihan at kasamaan].",
      "footnotes": null
    },
    {
      "ayah_number": 11,
      "translation_tl": "Ngunit hindi kasi siya sumugod sa matarik na daan.",
      "footnotes": null
    },
    {
      "ayah_number": 12,
      "translation_tl": "Ano ang nagpabatid sa iyo kung ano ang matarik na daan?",
      "footnotes": null
    },
    {
      "ayah_number": 13,
      "translation_tl": "[Ito ay] isang pagpapalaya sa isang alipin,",
      "footnotes": null
    },
    {
      "ayah_number": 14,
      "translation_tl": "o pagpapakain sa isang araw na may taggutom",
      "footnotes": null
    },
    {
      "ayah_number": 15,
      "translation_tl": "sa isang ulilang may pagkakamag-anak",
      "footnotes": null
    },
    {
      "ayah_number": 16,
      "translation_tl": "o sa isang dukhang may paghihikahos.",
      "footnotes": null
    },
    {
      "ayah_number": 17,
      "translation_tl": "Pagkatapos naging kabilang siya sa mga sumampalataya at nagtagubilinan ng pagtitiis at nagtagubilinan ng pagkaawa.",
      "footnotes": null
    },
    {
      "ayah_number": 18,
      "translation_tl": "Ang mga iyon ay ang mga kasamahan sa dakong kanan.",
      "footnotes": null
    },
    {
      "ayah_number": 19,
      "translation_tl": "Ang mga tumangging sumampalataya sa talata Namin [sa Qur’ān] ay ang mga kasamahan sa dakong kaliwa.",
      "footnotes": null
    },
    {
      "ayah_number": 20,
      "translation_tl": "Sa ibabaw nila ay may apoy na nakataklob.",
      "footnotes": null
    }
  ]
}