{
  "surah_number": 91,
  "ayahs": [
    {
      "ayah_number": 1,
      "translation_tl": "Sumpa man sa araw at sa kaliwanagan nito,[1]",
      "footnotes": "[1] O Sumpa man sa araw at sa pang-umagang liwanag nito,"
    },
    {
      "ayah_number": 2,
      "translation_tl": "sumpa man sa buwan kapag sumunod ito roon,",
      "footnotes": null
    },
    {
      "ayah_number": 3,
      "translation_tl": "sumpa man sa maghapon kapag naglantad ito [ng tanglaw] doon,",
      "footnotes": null
    },
    {
      "ayah_number": 4,
      "translation_tl": "sumpa man sa gabi kapag bumalot ito [ng kadiliman] doon,",
      "footnotes": null
    },
    {
      "ayah_number": 5,
      "translation_tl": "sumpa man sa langit at sa pagpapatayo Niya nito,",
      "footnotes": null
    },
    {
      "ayah_number": 6,
      "translation_tl": "sumpa man sa lupa at sa pagkalatag nito,",
      "footnotes": null
    },
    {
      "ayah_number": 7,
      "translation_tl": "sumpa man sa isang kaluluwa at sa pagkahubog nito,",
      "footnotes": null
    },
    {
      "ayah_number": 8,
      "translation_tl": "saka nagpatalos Siya rito ng kasamaang-loob nito at pangingilag magkasala nito;",
      "footnotes": null
    },
    {
      "ayah_number": 9,
      "translation_tl": "nagtagumpay nga ang sinumang nagbusilak nito",
      "footnotes": null
    },
    {
      "ayah_number": 10,
      "translation_tl": "at nabigo nga ang sinumang nagparumi nito.",
      "footnotes": null
    },
    {
      "ayah_number": 11,
      "translation_tl": "Nagpasinungaling ang [liping] Thamūd [kay Propeta Ṣāliḥ] dahil sa pagmamalabis nito",
      "footnotes": null
    },
    {
      "ayah_number": 12,
      "translation_tl": "nang sumugod ang pinakamalumbay nito.",
      "footnotes": null
    },
    {
      "ayah_number": 13,
      "translation_tl": "Kaya nagsabi sa kanila [si Ṣāliḥ,] ang sugo ni Allāh: “[Magpaubaya] sa dumalagang kamelyo ni Allāh at pag-inom nito [sa araw nito].”",
      "footnotes": null
    },
    {
      "ayah_number": 14,
      "translation_tl": "Ngunit nagpasinungaling sila sa kanya saka kinatay nila ito kaya nagsaklob [ng parusa] sa kanila ang Panginoon nila dahil sa pagkakasala nila saka nagpantay-pantay Siya rito [sa parusa].",
      "footnotes": null
    },
    {
      "ayah_number": 15,
      "translation_tl": "Hindi Siya nangangamba sa pinakakahihinatnan nito.",
      "footnotes": null
    }
  ]
}