{
  "surah_number": 92,
  "ayahs": [
    {
      "ayah_number": 1,
      "translation_tl": "Sumpa man sa gabi kapag bumabalot ito,",
      "footnotes": null
    },
    {
      "ayah_number": 2,
      "translation_tl": "sumpa man sa maghapon kapag nahayag ito,",
      "footnotes": null
    },
    {
      "ayah_number": 3,
      "translation_tl": "sumpa man sa pagkalikha sa lalaki at babae;",
      "footnotes": null
    },
    {
      "ayah_number": 4,
      "translation_tl": "tunay na ang pagpupunyagi ninyo ay talagang sarisari.",
      "footnotes": null
    },
    {
      "ayah_number": 5,
      "translation_tl": "Kaya hinggil naman sa sinumang nagbigay [ng isinatungkulin] at nangilag magkasala",
      "footnotes": null
    },
    {
      "ayah_number": 6,
      "translation_tl": "at nagpatotoo sa pinakamaganda,[1]",
      "footnotes": "[1] Ibig sabihin: ang ipinangako ni Allāh."
    },
    {
      "ayah_number": 7,
      "translation_tl": "magpapadali Kami sa kanya para sa pinakamadali;",
      "footnotes": null
    },
    {
      "ayah_number": 8,
      "translation_tl": "at hinggil naman sa sinumang nagmaramot at nagturing na makapagsarili",
      "footnotes": null
    },
    {
      "ayah_number": 9,
      "translation_tl": "at nagpasinungaling sa pinakamaganda,[2]",
      "footnotes": "[2] Ibig sabihin: ang ipinangako ni Allāh."
    },
    {
      "ayah_number": 10,
      "translation_tl": "magpapadali Kami sa kanya para sa pinakamahirap.",
      "footnotes": null
    },
    {
      "ayah_number": 11,
      "translation_tl": "Ano ang maidudulot para sa kanya ng yaman niya kapag nabulid siya [sa Impiyerno]?",
      "footnotes": null
    },
    {
      "ayah_number": 12,
      "translation_tl": "Tunay na nasa Amin ay talagang ang pagpapatnubay.",
      "footnotes": null
    },
    {
      "ayah_number": 13,
      "translation_tl": "Tunay na sa Amin ay talagang ang Kabilang-buhay at ang Unang-buhay.",
      "footnotes": null
    },
    {
      "ayah_number": 14,
      "translation_tl": "Kaya nagbabala Ako sa inyo ng apoy na naglalagablab.",
      "footnotes": null
    },
    {
      "ayah_number": 15,
      "translation_tl": "Walang masusunog doon kundi ang pinakamalumbay,",
      "footnotes": null
    },
    {
      "ayah_number": 16,
      "translation_tl": "na nagpasinungaling [sa inihatid ng Sugo] at tumalikod.",
      "footnotes": null
    },
    {
      "ayah_number": 17,
      "translation_tl": "Paiiwasin doon ang pinakatagapangilag magkasala,",
      "footnotes": null
    },
    {
      "ayah_number": 18,
      "translation_tl": "na nagbibigay ng yaman niya [sa kabutihan] habang nagpapakabusilak [sa kasalanan]",
      "footnotes": null
    },
    {
      "ayah_number": 19,
      "translation_tl": "at hindi para sa isang mayroon siyang anumang biyayang gagantihan,",
      "footnotes": null
    },
    {
      "ayah_number": 20,
      "translation_tl": "bagkus dala ng paghahangad sa [ikalulugod ng] Mukha ng Panginoon niya, ang Pinakamataas.",
      "footnotes": null
    },
    {
      "ayah_number": 21,
      "translation_tl": "Talagang malulugod siya [sa ibibigay ni Allāh].",
      "footnotes": null
    }
  ]
}