{
  "surah_number": 93,
  "ayahs": [
    {
      "ayah_number": 1,
      "translation_tl": "Sumpa man sa kaliwanagan [ng umaga],",
      "footnotes": null
    },
    {
      "ayah_number": 2,
      "translation_tl": "sumpa man sa gabi kapag lumukob ito;",
      "footnotes": null
    },
    {
      "ayah_number": 3,
      "translation_tl": "hindi namaalam sa iyo [O Propeta Muḥammad] ang Panginoon mo at hindi Siya nasuklam.",
      "footnotes": null
    },
    {
      "ayah_number": 4,
      "translation_tl": "Talagang ang Kabilang-buhay ay higit na mabuti para sa iyo kaysa sa Unang-buhay.",
      "footnotes": null
    },
    {
      "ayah_number": 5,
      "translation_tl": "Talagang magbibigay sa iyo ang Panginoon mo kaya malulugod ka.",
      "footnotes": null
    },
    {
      "ayah_number": 6,
      "translation_tl": "Hindi ba nakatagpo Siya sa iyo na isang ulila kaya kumanlong Siya sa iyo?",
      "footnotes": null
    },
    {
      "ayah_number": 7,
      "translation_tl": "Nakatagpo Siya sa iyo na isang nalilingat kaya nagpatnubay Siya [sa iyo].",
      "footnotes": null
    },
    {
      "ayah_number": 8,
      "translation_tl": "Nakatagpo Siya sa iyo na isang naghihikahos kaya nagpasapat Siya.",
      "footnotes": null
    },
    {
      "ayah_number": 9,
      "translation_tl": "Kaya hinggil naman sa ulila ay huwag kang manlupig [sa kanya].",
      "footnotes": null
    },
    {
      "ayah_number": 10,
      "translation_tl": "Hinggil naman sa nanghihingi ay huwag kang magtaboy [sa kanya].",
      "footnotes": null
    },
    {
      "ayah_number": 11,
      "translation_tl": "Hinggil naman sa kaugnay sa biyaya ng Panginoon mo ay magsanaysay ka.",
      "footnotes": null
    }
  ]
}