{
  "surah_number": 94,
  "ayahs": [
    {
      "ayah_number": 1,
      "translation_tl": "Hindi ba nagpaluwag Kami para sa iyo ng dibdib mo [O Propeta Muḥammad]?",
      "footnotes": null
    },
    {
      "ayah_number": 2,
      "translation_tl": "Nag-alis Kami palayo sa iyo ng pasanin mo,",
      "footnotes": null
    },
    {
      "ayah_number": 3,
      "translation_tl": "na nakabigat sa likod mo.",
      "footnotes": null
    },
    {
      "ayah_number": 4,
      "translation_tl": "Nag-angat Kami para sa iyo ng pagbanggit sa iyo.",
      "footnotes": null
    },
    {
      "ayah_number": 5,
      "translation_tl": "Kaya tunay na kasama sa hirap ay ginhawa.",
      "footnotes": null
    },
    {
      "ayah_number": 6,
      "translation_tl": "Tunay na kasama sa hirap ay ginhawa.",
      "footnotes": null
    },
    {
      "ayah_number": 7,
      "translation_tl": "Kaya kapag nakatapos ka [sa gawain] ay magpakapagal ka [sa pagsamba],",
      "footnotes": null
    },
    {
      "ayah_number": 8,
      "translation_tl": "at sa Panginoon mo ay magmithi ka.",
      "footnotes": null
    }
  ]
}