{
  "surah_number": 95,
  "ayahs": [
    {
      "ayah_number": 1,
      "translation_tl": "Sumpa man sa igos at oliba,[1]",
      "footnotes": "[1] na tumutubo sa Palestina, ang bayan ni Propeta Jesus"
    },
    {
      "ayah_number": 2,
      "translation_tl": "sumpa man sa kabundukan ng Sinai,[2]",
      "footnotes": "[2] na nakipag-usap doon si Propeta Moises kay Allāh"
    },
    {
      "ayah_number": 3,
      "translation_tl": "sumpa man sa matiwasay na bayang ito;[3]",
      "footnotes": "[3] ng Makkah na bayan ni Propeta Muhammad"
    },
    {
      "ayah_number": 4,
      "translation_tl": "talaga ngang lumikha Kami sa tao sa isang pinakamagandang paghuhubog.",
      "footnotes": null
    },
    {
      "ayah_number": 5,
      "translation_tl": "Pagkatapos nagpanauli Kami sa kanya sa pinakamababa sa mga mababa,",
      "footnotes": null
    },
    {
      "ayah_number": 6,
      "translation_tl": "maliban sa mga sumampalataya at gumawa ng mga maayos sapagkat ukol sa kanila [sa Paraiso] ay isang pabuyang hindi matitigil.",
      "footnotes": null
    },
    {
      "ayah_number": 7,
      "translation_tl": "Kaya ano ang nagpapasinungaling sa iyo, matapos nito, sa [Araw ng] Pagtutumbas?",
      "footnotes": null
    },
    {
      "ayah_number": 8,
      "translation_tl": "Hindi ba si Allāh ay ang pinakahukom ng mga hukom?",
      "footnotes": null
    }
  ]
}