{
  "surah_number": 96,
  "ayahs": [
    {
      "ayah_number": 1,
      "translation_tl": "Bumasa ka sa ngalan ng Panginoon mo na lumikha,",
      "footnotes": null
    },
    {
      "ayah_number": 2,
      "translation_tl": "lumikha sa tao mula sa isang malalinta.",
      "footnotes": null
    },
    {
      "ayah_number": 3,
      "translation_tl": "Bumasa ka at ang Panginoon mo ay ang Pinakamapagbigay,",
      "footnotes": null
    },
    {
      "ayah_number": 4,
      "translation_tl": "na nagturo sa pamamagitan ng panulat,",
      "footnotes": null
    },
    {
      "ayah_number": 5,
      "translation_tl": "nagturo sa tao ng hindi nito nalaman.",
      "footnotes": null
    },
    {
      "ayah_number": 6,
      "translation_tl": "Aba’y hindi! Tunay na ang tao ay talagang nagmamalabis",
      "footnotes": null
    },
    {
      "ayah_number": 7,
      "translation_tl": "dahil nakakita siya sa sarili niya na nakasapat.[1]",
      "footnotes": "[1] sa yaman at katayuan sa buhay"
    },
    {
      "ayah_number": 8,
      "translation_tl": "Tunay na tungo sa Panginoon mo ang [huling] pagbabalikan.",
      "footnotes": null
    },
    {
      "ayah_number": 9,
      "translation_tl": "Nakakita ka ba sa sumasaway",
      "footnotes": null
    },
    {
      "ayah_number": 10,
      "translation_tl": "sa isang lingkod [ni Allāh] kapag nagdasal ito?",
      "footnotes": null
    },
    {
      "ayah_number": 11,
      "translation_tl": "Nakakita ka ba kung siya ay nasa patnubay,",
      "footnotes": null
    },
    {
      "ayah_number": 12,
      "translation_tl": "o nag-utos ng pangingilag magkasala?",
      "footnotes": null
    },
    {
      "ayah_number": 13,
      "translation_tl": "Nakakita ka ba kung nagpasinungaling siya [inihatid ng Sugo] o tumalikod siya?",
      "footnotes": null
    },
    {
      "ayah_number": 14,
      "translation_tl": "Hindi ba siya nakaalam na si Allāh ay nakakikita [ng ginagawa niya]?",
      "footnotes": null
    },
    {
      "ayah_number": 15,
      "translation_tl": "Aba’y hindi! Talagang kung hindi siya tumigil ay talagang hahablot nga Kami sa bumbunan:",
      "footnotes": null
    },
    {
      "ayah_number": 16,
      "translation_tl": "isang bumbunan na nagsisinungaling, nagkakamali.",
      "footnotes": null
    },
    {
      "ayah_number": 17,
      "translation_tl": "Kaya tumawag siya sa kapulungan niya.",
      "footnotes": null
    },
    {
      "ayah_number": 18,
      "translation_tl": "Tatawag Kami sa mga bantay [ng Impiyerno].[2]",
      "footnotes": "[2] ang mga anghel na mababagsik"
    },
    {
      "ayah_number": 19,
      "translation_tl": "Aba’y hindi! Huwag kang tumalima sa kanya, magpatirapa ka, at lumapit ka [kay Allāh].",
      "footnotes": null
    }
  ]
}