{
  "surah_number": 97,
  "ayahs": [
    {
      "ayah_number": 1,
      "translation_tl": "Tunay na Kami ay nagpababa nitong [Qur’ān] sa Gabi ng Pagtatakda.",
      "footnotes": null
    },
    {
      "ayah_number": 2,
      "translation_tl": "Ano ang nagpabatid sa iyo kung ano ang Gabi ng Pagtatakda?",
      "footnotes": null
    },
    {
      "ayah_number": 3,
      "translation_tl": "Ang Gabi ng Pagtatakda ay higit na mabuti kaysa sa isang libong buwan.",
      "footnotes": null
    },
    {
      "ayah_number": 4,
      "translation_tl": "Nagbababaan ang mga Anghel at ang Espiritu rito ayon sa pahintulot ng Panginoon Nila kalakip ng bawat utos.",
      "footnotes": null
    },
    {
      "ayah_number": 5,
      "translation_tl": "Kapayapaan ito – hanggang sa paglitaw ng madaling-araw.",
      "footnotes": null
    }
  ]
}