{
  "surah_number": 99,
  "ayahs": [
    {
      "ayah_number": 1,
      "translation_tl": "Kapag niyanig ang lupa sa [huling] pagyanig nito,",
      "footnotes": null
    },
    {
      "ayah_number": 2,
      "translation_tl": "at nagpalabas ang lupa ng mga pabigat nito,",
      "footnotes": null
    },
    {
      "ayah_number": 3,
      "translation_tl": "at nagsabi ang tao: “Ano ang mayroon dito?” –",
      "footnotes": null
    },
    {
      "ayah_number": 4,
      "translation_tl": "sa Araw na iyon ay magsasaysay ito ng mga ulat nito",
      "footnotes": null
    },
    {
      "ayah_number": 5,
      "translation_tl": "dahil ang Panginoon mo ay nagkasi rito.",
      "footnotes": null
    },
    {
      "ayah_number": 6,
      "translation_tl": "Sa Araw na iyon ay hahayo ang mga tao nang hiwa-hiwalay upang pakitaan sila ng mga gawa nila.",
      "footnotes": null
    },
    {
      "ayah_number": 7,
      "translation_tl": "Kaya ang sinumang gumawa ng kasimbigat ng isang katiting na kabutihan ay makikita niya iyon,",
      "footnotes": null
    },
    {
      "ayah_number": 8,
      "translation_tl": "at ang sinumang gumawa ng kasimbigat ng isang katiting na kasamaan ay makikita niya iyon.",
      "footnotes": null
    }
  ]
}