{
  "surah_number": 100,
  "ayahs": [
    {
      "ayah_number": 1,
      "translation_tl": "Sumpa man sa mga [kabayong] tumatakbo habang humihingal,",
      "footnotes": null
    },
    {
      "ayah_number": 2,
      "translation_tl": "saka sa mga nagpapaningas habang nakikiskis [ang mga kuko],",
      "footnotes": null
    },
    {
      "ayah_number": 3,
      "translation_tl": "saka mga nanlulusob sa madaling-araw,",
      "footnotes": null
    },
    {
      "ayah_number": 4,
      "translation_tl": "saka bumulabog ang mga ito sa pamamagitan nito ng mga alikabok,",
      "footnotes": null
    },
    {
      "ayah_number": 5,
      "translation_tl": "saka pumagitna ang mga ito dahil dito sa isang pagtitipon [ng mga kaaway];",
      "footnotes": null
    },
    {
      "ayah_number": 6,
      "translation_tl": "tunay na ang tao, sa Panginoon niya, ay talagang isang mapagkaila.",
      "footnotes": null
    },
    {
      "ayah_number": 7,
      "translation_tl": "Tunay na siya roon ay talagang isang saksi.",
      "footnotes": null
    },
    {
      "ayah_number": 8,
      "translation_tl": "Tunay na siya, sa pag-ibig sa kayamanan, ay talagang matindi.",
      "footnotes": null
    },
    {
      "ayah_number": 9,
      "translation_tl": "Kaya hindi ba siya nakaaalam kapag hinalukay ang nasa mga puntod",
      "footnotes": null
    },
    {
      "ayah_number": 10,
      "translation_tl": "at itinanghal ang nasa mga dibdib,",
      "footnotes": null
    },
    {
      "ayah_number": 11,
      "translation_tl": "tunay na ang Panginoon nila sa kanila, sa Araw na iyon, ay talagang Mapagbatid.",
      "footnotes": null
    }
  ]
}