{
  "surah_number": 101,
  "ayahs": [
    {
      "ayah_number": 1,
      "translation_tl": "Ang Tagakalampag.",
      "footnotes": null
    },
    {
      "ayah_number": 2,
      "translation_tl": "Ano ang Tagakalampag?",
      "footnotes": null
    },
    {
      "ayah_number": 3,
      "translation_tl": "Ano ang nagpabatid sa iyo kung ano ang Tagakalampag?",
      "footnotes": null
    },
    {
      "ayah_number": 4,
      "translation_tl": "Sa Araw na [iyon], ang mga tao ay magiging para bang mga gamugamong pinakalat",
      "footnotes": null
    },
    {
      "ayah_number": 5,
      "translation_tl": "at ang mga bundok ay magiging para bang mga lanang nahimulmol.",
      "footnotes": null
    },
    {
      "ayah_number": 6,
      "translation_tl": "Kaya hinggil naman sa sinumang bumigat [sa kabutihan] ang mga timbangan niya,",
      "footnotes": null
    },
    {
      "ayah_number": 7,
      "translation_tl": "siya ay nasa isang pamumuhay na nakalulugod.",
      "footnotes": null
    },
    {
      "ayah_number": 8,
      "translation_tl": "Hinggil naman sa sinumang gumaan [sa kabutihan] ang mga timbangan niya,",
      "footnotes": null
    },
    {
      "ayah_number": 9,
      "translation_tl": "ang kanlungan niya ay kailaliman [ng Impiyerno].",
      "footnotes": null
    },
    {
      "ayah_number": 10,
      "translation_tl": "Ano ang nagpabatid sa iyo kung ano iyon?",
      "footnotes": null
    },
    {
      "ayah_number": 11,
      "translation_tl": "[Iyon ay] isang Apoy na napakainit.",
      "footnotes": null
    }
  ]
}