{
  "surah_number": 102,
  "ayahs": [
    {
      "ayah_number": 1,
      "translation_tl": "Nagpalibang sa inyo ang [makamundong] pagpaparamihan",
      "footnotes": null
    },
    {
      "ayah_number": 2,
      "translation_tl": "hanggang sa dumalaw kayo sa mga pinaglilibingan.[1]",
      "footnotes": "[1] hanggang sa namatay kayo at nanatili kayo sa mga libingan hanggang sa Araw ng Pagbangon."
    },
    {
      "ayah_number": 3,
      "translation_tl": "Aba’y hindi! Malalaman ninyo.",
      "footnotes": null
    },
    {
      "ayah_number": 4,
      "translation_tl": "Pagkatapos, aba’y hindi! Malalaman ninyo.",
      "footnotes": null
    },
    {
      "ayah_number": 5,
      "translation_tl": "Aba’y hindi! Kung sakaling nalalaman ninyo nang may kaalaman ng katiyakan,",
      "footnotes": null
    },
    {
      "ayah_number": 6,
      "translation_tl": "talagang makikita nga ninyo ang Impiyerno.",
      "footnotes": null
    },
    {
      "ayah_number": 7,
      "translation_tl": "Pagkatapos talagang makikita nga ninyo iyon nang may mata ng katiyakan.",
      "footnotes": null
    },
    {
      "ayah_number": 8,
      "translation_tl": "Pagkatapos talagang tatanungin nga kayo sa Araw na iyon tungkol sa kaginhawahan [na ipinatamasa Niya sa inyo].",
      "footnotes": null
    }
  ]
}