{
  "surah_number": 104,
  "ayahs": [
    {
      "ayah_number": 1,
      "translation_tl": "Kapighatian ay ukol sa bawat palalibak na mapanirang-puri,",
      "footnotes": null
    },
    {
      "ayah_number": 2,
      "translation_tl": "na nag-ipon ng yaman at bumilang-bilang nito,",
      "footnotes": null
    },
    {
      "ayah_number": 3,
      "translation_tl": "habang nag-aakala na ang yaman niya ay magpapanatili sa kanya.",
      "footnotes": null
    },
    {
      "ayah_number": 4,
      "translation_tl": "Aba’y hindi! Talagang ihahagis nga siya sa Mapangwasak.",
      "footnotes": null
    },
    {
      "ayah_number": 5,
      "translation_tl": "Ano ang nagpabatid sa iyo kung ano ang Mapangwasak?",
      "footnotes": null
    },
    {
      "ayah_number": 6,
      "translation_tl": "[Ito ay] ang Apoy ni Allāh, na ginagatungan,",
      "footnotes": null
    },
    {
      "ayah_number": 7,
      "translation_tl": "na nanunuot sa mga puso.",
      "footnotes": null
    },
    {
      "ayah_number": 8,
      "translation_tl": "Tunay na [Impiyernong] ito sa kanila ay itataklob",
      "footnotes": null
    },
    {
      "ayah_number": 9,
      "translation_tl": "sa mga haliging binanat.",
      "footnotes": null
    }
  ]
}