{
  "surah_number": 105,
  "ayahs": [
    {
      "ayah_number": 1,
      "translation_tl": "Hindi mo ba napag-alaman kung papaano ang ginawa ng Panginoon mo sa mga kasamahan ng elepante?",
      "footnotes": null
    },
    {
      "ayah_number": 2,
      "translation_tl": "Hindi ba Siya gumawa sa panlalansi nila [para wasakin ang Ka`bah, na mauwi] sa isang pagkawala?",
      "footnotes": null
    },
    {
      "ayah_number": 3,
      "translation_tl": "Nagsugo Siya sa kanila ng mga ibon na kawan-kawan,",
      "footnotes": null
    },
    {
      "ayah_number": 4,
      "translation_tl": "na nagpupukol sa kanila ng mga batong mula sa luwad na nanigas.",
      "footnotes": null
    },
    {
      "ayah_number": 5,
      "translation_tl": "Kaya gumawa Siya sa kanila gaya ng uhay na kinainan.",
      "footnotes": null
    }
  ]
}