{
  "surah_number": 106,
  "ayahs": [
    {
      "ayah_number": 1,
      "translation_tl": "Dahil sa pagkahirati sa Quraysh –",
      "footnotes": null
    },
    {
      "ayah_number": 2,
      "translation_tl": "sa pagkahirati nila sa paglalakbay sa taglamig at tag-init –",
      "footnotes": null
    },
    {
      "ayah_number": 3,
      "translation_tl": "ay sumamba sila sa Panginoon ng Bahay[1] na ito,",
      "footnotes": "[1] Ibig sabihin: ang Ka`bah."
    },
    {
      "ayah_number": 4,
      "translation_tl": "na nagpakain sa kanila mula sa isang pagkagutom at nagpatiwasay sa kanila mula sa isang pangamba.",
      "footnotes": null
    }
  ]
}