{
  "surah_number": 107,
  "ayahs": [
    {
      "ayah_number": 1,
      "translation_tl": "Nakakita ka ba sa nagpapasinungaling sa pagtutumbas?",
      "footnotes": null
    },
    {
      "ayah_number": 2,
      "translation_tl": "Sapagkat iyon ay ang nagsasalya sa ulila",
      "footnotes": null
    },
    {
      "ayah_number": 3,
      "translation_tl": "at hindi nanghihikayat sa pagpapakain sa dukha.",
      "footnotes": null
    },
    {
      "ayah_number": 4,
      "translation_tl": "Kaya kapighatian ay ukol sa mga tagapagdasal,",
      "footnotes": null
    },
    {
      "ayah_number": 5,
      "translation_tl": "na sila sa pagdarasal nila ay mga nagpapabaya,[1]",
      "footnotes": "[1] Ibig sabihin: nagwawalang-bahala hanggang sa matapos ang oras nito."
    },
    {
      "ayah_number": 6,
      "translation_tl": "na sila ay nagpapakitang-tao",
      "footnotes": null
    },
    {
      "ayah_number": 7,
      "translation_tl": "at nagkakait ng munting tulong.",
      "footnotes": null
    }
  ]
}