{
  "surah_number": 108,
  "ayahs": [
    {
      "ayah_number": 1,
      "translation_tl": "Tunay na Kami ay nagbigay sa iyo [O Propeta Muḥammad] ng Kawthar.[1]",
      "footnotes": "[1] Isang ilog sa Paraiso at isang maraming kabutihan."
    },
    {
      "ayah_number": 2,
      "translation_tl": "Kaya magdasal ka sa Panginoon mo at mag-alay ka.",
      "footnotes": null
    },
    {
      "ayah_number": 3,
      "translation_tl": "Tunay na ang nasusuklam sa iyo ay siya ang lagot.[2]",
      "footnotes": "[2] mula sa lahat ng kabutihan sa Mundo at Kabilang-buhay."
    }
  ]
}