{
  "surah_number": 109,
  "ayahs": [
    {
      "ayah_number": 1,
      "translation_tl": "Sabihin mo: “O mga tagatangging sumampalataya [kay Allāh],",
      "footnotes": null
    },
    {
      "ayah_number": 2,
      "translation_tl": "hindi ako sumasamba sa sinasamba ninyo [na mga diyus-diyusan],",
      "footnotes": null
    },
    {
      "ayah_number": 3,
      "translation_tl": "ni kayo ay mga sasamba sa sinasamba ko [na si Allāh];",
      "footnotes": null
    },
    {
      "ayah_number": 4,
      "translation_tl": "ni ako ay sasamba sa sinamba ninyo [na mga diyus-diyusan],",
      "footnotes": null
    },
    {
      "ayah_number": 5,
      "translation_tl": "ni kayo ay mga sasamba sa sinasamba ko [na si Allāh lamang].",
      "footnotes": null
    },
    {
      "ayah_number": 6,
      "translation_tl": "Ukol sa inyo ang relihiyon ninyo at ukol sa akin ang relihiyon ko.”",
      "footnotes": null
    }
  ]
}