{
  "surah_number": 110,
  "ayahs": [
    {
      "ayah_number": 1,
      "translation_tl": "Kapag dumating ang pag-aadya ni Allāh at ang pagsakop",
      "footnotes": null
    },
    {
      "ayah_number": 2,
      "translation_tl": "at nakakita ka [O Propeta Muḥammad] sa mga tao na pumapasok sa [ Islām na] Relihiyon ni Allāh nang mga pulu-pulutong",
      "footnotes": null
    },
    {
      "ayah_number": 3,
      "translation_tl": "ay magluwalhati ka kalakip ng papuri sa Panginoon mo at humingi ka ng tawad sa Kanya. Tunay na Siya ay laging Palatanggap ng pagbabalik-loob.",
      "footnotes": null
    }
  ]
}