{
  "surah_number": 111,
  "ayahs": [
    {
      "ayah_number": 1,
      "translation_tl": "Napahamak ang dalawang kamay ni Abū Lahab[1] at napahamak siya!",
      "footnotes": "[1] Ang tiyuhin ng Propeta, na isa sa mga pinakamasugid na kaaway ng Islam."
    },
    {
      "ayah_number": 2,
      "translation_tl": "Hindi nakapagdulot para sa kanya ang yaman niya at ang anumang nakamit niya.",
      "footnotes": null
    },
    {
      "ayah_number": 3,
      "translation_tl": "Masusunog siya sa isang Apoy na may lagablab",
      "footnotes": null
    },
    {
      "ayah_number": 4,
      "translation_tl": "at ang maybahay niya [rin], na tagapasan ng kahoy na panggatong,",
      "footnotes": null
    },
    {
      "ayah_number": 5,
      "translation_tl": "habang sa leeg nito ay may tali mula sa linubid na himaymay.",
      "footnotes": null
    }
  ]
}