{
  "surah_number": 112,
  "ayahs": [
    {
      "ayah_number": 1,
      "translation_tl": "Sabihin mo: “Siyang si Allāh ay Kaisa-isa.",
      "footnotes": null
    },
    {
      "ayah_number": 2,
      "translation_tl": "Si Allāh ay ang Dulugan [sa pangangailangan].",
      "footnotes": null
    },
    {
      "ayah_number": 3,
      "translation_tl": "Hindi Siya nagkaanak at hindi Siya ipinanganak.",
      "footnotes": null
    },
    {
      "ayah_number": 4,
      "translation_tl": "Hindi nagkaroon sa Kanya ng isang kapantay na isa man.”",
      "footnotes": null
    }
  ]
}