{
  "surah_number": 113,
  "ayahs": [
    {
      "ayah_number": 1,
      "translation_tl": "Sabihin mo: “Nagpapakupkop ako sa Panginoon ng bukang-liwayway",
      "footnotes": null
    },
    {
      "ayah_number": 2,
      "translation_tl": "laban sa kasamaan ng anumang nilikha Niya",
      "footnotes": null
    },
    {
      "ayah_number": 3,
      "translation_tl": "at laban sa kasamaan ng pusikit kapag lumaganap ito,",
      "footnotes": null
    },
    {
      "ayah_number": 4,
      "translation_tl": "at laban sa kasamaan ng mga babaing [manggagaway na] palaihip sa mga buhol,",
      "footnotes": null
    },
    {
      "ayah_number": 5,
      "translation_tl": "at laban sa kasamaan ng isang naiinggit kapag naiinggit ito.”",
      "footnotes": null
    }
  ]
}