{
  "surah_number": 1,
  "ayahs": [
    {
      "ayah_number": 1,
      "translation_bis": "Sa Ngalan sa Allah Ang Labing Madagayaon, Ang Labing Maluloy'on.",
      "footnotes": null
    },
    {
      "ayah_number": 2,
      "translation_bis": "Ang Tanang pagdayeg alang lamang sa Allah, ang Ginoo[1] sa tanang binuhat.",
      "footnotes": "[1]. I.e., Magbubuhat, Tigsustento ug Magmamando."
    },
    {
      "ayah_number": 3,
      "translation_bis": "Ang Labing Madagayaon, ang Labing Maloloy'on.",
      "footnotes": null
    },
    {
      "ayah_number": 4,
      "translation_bis": "Ang Nanag-iya / Hari sa adlaw sa paghukom.",
      "footnotes": null
    },
    {
      "ayah_number": 5,
      "translation_bis": "Kanimo lamang kami magasimba ug Kanimo lang kami magadangop ug magapangayo ug tabang,",
      "footnotes": null
    },
    {
      "ayah_number": 6,
      "translation_bis": "Giyahi kami ngadto sa Matul'id nga Dalan (sa Islam, ug ipabilin kami niini).",
      "footnotes": null
    },
    {
      "ayah_number": 7,
      "translation_bis": "Ang dalan niadtong Imong gipanalanginan [2], dili (sa dalan) niadtong ngadto kanila anaa ang Imong Kasuko[3], ni sa mga nangasalaag[4].",
      "footnotes": "[2]. Sa mga Propeta, ang mga nagpamatuod sa Kamatuoran, ang mga martir, ug ang mga matarung.\n[3]. Sila nga nasayud sa kamatuoran apan wala mosunod niini.\n[4]. Sila mao ang mga nahisalaag gikan sa kamatuoran, nga wala magiyahan."
    }
  ]
}