{
  "surah_number": 74,
  "ayahs": [
    {
      "ayah_number": 1,
      "translation_bis": "Oh ikaw (Muhammad) nga naputos sa imong kupo ug tabon!",
      "footnotes": null
    },
    {
      "ayah_number": 2,
      "translation_bis": "Tindog ug pasidan-i (ang kalibutan),",
      "footnotes": null
    },
    {
      "ayah_number": 3,
      "translation_bis": "Ug ipahibalo ug Pagkadako sa inyong Ginoo 'Allāh' ug himayaa Siya lamang,",
      "footnotes": null
    },
    {
      "ayah_number": 4,
      "translation_bis": "Ug pagputli ang imong mga sapot (gikan sa kahugawan).",
      "footnotes": null
    },
    {
      "ayah_number": 5,
      "translation_bis": "Ug magpalayo sa tanang dulumtanan ug mga kahugawan \"espirituhanon ug pisikal\".",
      "footnotes": null
    },
    {
      "ayah_number": 6,
      "translation_bis": "Ug ayaw kamo paghatag ug pabor aron kamo makadawat ug labaw pa (nga balos),",
      "footnotes": null
    },
    {
      "ayah_number": 7,
      "translation_bis": "Ug pagmapailubon alang sa Kawsa sa (Allah) nga imong Ginoo.",
      "footnotes": null
    },
    {
      "ayah_number": 8,
      "translation_bis": "Kay sa diha nga ang trompeta patingogon,",
      "footnotes": null
    },
    {
      "ayah_number": 9,
      "translation_bis": "Kana nga Adlaw, mahimong usa ka malisud nga adlaw,",
      "footnotes": null
    },
    {
      "ayah_number": 10,
      "translation_bis": "Alang sa mga manlilimod, dili sayon.",
      "footnotes": null
    },
    {
      "ayah_number": 11,
      "translation_bis": "Ug pasagdi Ako (sa pag-atubang) uban sa usa nga akong gibuhat nga nag-inusara,",
      "footnotes": null
    },
    {
      "ayah_number": 12,
      "translation_bis": "Ug Ako naghatag kaniya sa daghang mga bahandi,",
      "footnotes": null
    },
    {
      "ayah_number": 13,
      "translation_bis": "Ug mga anak nga lalaki nga anaa sa iyang kiliran (sa pag-alagad kaniya),",
      "footnotes": null
    },
    {
      "ayah_number": 14,
      "translation_bis": "Ug gihimo Nako 'Allāh' ang iyang kinabuhi nga hapsay ug komportable alang kaniya;",
      "footnotes": null
    },
    {
      "ayah_number": 15,
      "translation_bis": "Apan bisan pa niana siya nagtinguha nga Ako magdugang pa!",
      "footnotes": null
    },
    {
      "ayah_number": 16,
      "translation_bis": "Apan dili, (kini dili mahitabo) sukad nga Siya misupak sa Among mga Bersikulo.",
      "footnotes": null
    },
    {
      "ayah_number": 17,
      "translation_bis": "Obligahon Ko siya sa pagsaka sa usa ka sakit nga pagsaka sa bungtod.",
      "footnotes": null
    },
    {
      "ayah_number": 18,
      "translation_bis": "Siya nagplano ug naglaraw (batok sa\nKamatuoran sa Islam).",
      "footnotes": null
    },
    {
      "ayah_number": 19,
      "translation_bis": "Busa, hinaot nga siya tunglo, giunsa niya pagplano.",
      "footnotes": null
    },
    {
      "ayah_number": 20,
      "translation_bis": "Sa makausa pa, hinaot nga siya tunglo, giunsa niya pagplano.",
      "footnotes": null
    },
    {
      "ayah_number": 21,
      "translation_bis": "Ug tan 'awa, siya misud'ong;",
      "footnotes": null
    },
    {
      "ayah_number": 22,
      "translation_bis": "Ug pagkahuman mikunot ang iyang agtang ug nagpakitag kasuko,",
      "footnotes": null
    },
    {
      "ayah_number": 23,
      "translation_bis": "Ug siya mipalayo uban ang tuman nga garbo,",
      "footnotes": null
    },
    {
      "ayah_number": 24,
      "translation_bis": "Unya siya miingon: ‘Kini mao lamang ka salamangka nga gisundog gikan sa karaan.",
      "footnotes": null
    },
    {
      "ayah_number": 25,
      "translation_bis": "Kini mao lamang sa pulong sa usa ka tawo.’",
      "footnotes": null
    },
    {
      "ayah_number": 26,
      "translation_bis": "Sa dili madugay Ako (Allah) mutambog kaniya ngadto sa Imperno.",
      "footnotes": null
    },
    {
      "ayah_number": 27,
      "translation_bis": "Ug unsa ang makapahibalo kanimo kon unsa ang hilabihan nga kalayo?",
      "footnotes": null
    },
    {
      "ayah_number": 28,
      "translation_bis": "Wala kini’y ginalaktawan o ginabilin nga bisan unsa (dili gisunog ug madugmok).",
      "footnotes": null
    },
    {
      "ayah_number": 29,
      "translation_bis": "Kini makapaso sa panit.",
      "footnotes": null
    },
    {
      "ayah_number": 30,
      "translation_bis": "Ug sa ibabaw niini adunay napulog siyam (anghel ingon nga mga magbalantay sa Imperno).",
      "footnotes": null
    },
    {
      "ayah_number": 31,
      "translation_bis": "Kami nagbutang lamang ug mga anghel aron nga mahimong mga magbalantay sa Kalayo, ug Kami nagtino lamang sa ilang gidaghanon ingon nga pagsulay alang sa mga dili magtutuo, aron sila (mga Hudeyo ug Kristohanon) nga gihatagan sa Kasulatan makasiguro, ug ang mga magtotoo makahimo sa pag-uswag sa ilang Pagtoo, ug kadtong (mga Hudeyo ug Kristohanon) nga gihatagan sa Kasulatan, ug ang mga magtutuo dili magduhaduha. Ug sila nga kansang mga kasingkasing adunay sakit (sa pagkasalingkapaw), ug ang mga dili magtutuo moingon: \"Unsa ang gipasabut sa Allah niini nga panag-ingnan?\" Sa ingon niini ang Allah (makatarunganon nga) magpahisalaag sa kinsay Iyang gusto ug Siya mugiya (ingon nga Pabor gikan Kaniya) sa kinsay Iyang gusto, ug walay usa nga nakaila sa mga sundalo sa (Allah) nga imong Ginoo gawas Kaniya; ug kini usa lamang ka Pahinumdom sa katawhan.",
      "footnotes": null
    },
    {
      "ayah_number": 32,
      "translation_bis": "Apan dili, Ako (Dios) nanumpa pinaagi sa bulan,",
      "footnotes": null
    },
    {
      "ayah_number": 33,
      "translation_bis": "Ug ang gabii sa diha nga kini mobiya,",
      "footnotes": null
    },
    {
      "ayah_number": 34,
      "translation_bis": "Ug pinaagi sa banagbanag sa diha nga kini modan-ag;",
      "footnotes": null
    },
    {
      "ayah_number": 35,
      "translation_bis": "Sa pagkatinuod nga ang Impiyerno usa sa labing kinadagkoan nga mga kasakitan —",
      "footnotes": null
    },
    {
      "ayah_number": 36,
      "translation_bis": "Usa ka Pasidaan sa katawhan,",
      "footnotes": null
    },
    {
      "ayah_number": 37,
      "translation_bis": "Ngadto kaniya gikan kaninyo nga buot mopadayon sa unahan o magpabilin sa luyo.",
      "footnotes": null
    },
    {
      "ayah_number": 38,
      "translation_bis": "Ang matag kalag papanubagon sa unsay natigom niini,",
      "footnotes": null
    },
    {
      "ayah_number": 39,
      "translation_bis": "Gawas sa mga tawo nga anaa sa tuong kamot,",
      "footnotes": null
    },
    {
      "ayah_number": 40,
      "translation_bis": "(Nga maanaa) sa mga Tanaman – nga sila mangutana sa usag-usa,",
      "footnotes": null
    },
    {
      "ayah_number": 41,
      "translation_bis": "Mahitungod ang mga dautan:",
      "footnotes": null
    },
    {
      "ayah_number": 42,
      "translation_bis": "Unsa ang nagdala kaninyo ngadto sa (sulod) Imperno?",
      "footnotes": null
    },
    {
      "ayah_number": 43,
      "translation_bis": "Sila moingon: \"Kami dili kauban niadtong nanag ampo;\"",
      "footnotes": null
    },
    {
      "ayah_number": 44,
      "translation_bis": "Ug kami dili kauban niadtong nagpakaon sa mga kabus;",
      "footnotes": null
    },
    {
      "ayah_number": 45,
      "translation_bis": "Ug kami kaniadto nagpatuyang sa bakak nga mga pakigpulong uban niadtong nagpatuyang niini.",
      "footnotes": null
    },
    {
      "ayah_number": 46,
      "translation_bis": "​​Ug kami kaniadto naglimod sa Adlaw sa Paghukom ug Pagbalos.",
      "footnotes": null
    },
    {
      "ayah_number": 47,
      "translation_bis": "Hangtud nga miabut kanamo ang kasigurohan (sa kamatayon).",
      "footnotes": null
    },
    {
      "ayah_number": 48,
      "translation_bis": "Busa ang pagpataliwala sa mga tigpataliwala dili makaayo kanila.",
      "footnotes": null
    },
    {
      "ayah_number": 49,
      "translation_bis": "Unsa bay hinungdan kanila nga sila nanag-palayo sa tambag ug Pahimangno (sa Qur'an).",
      "footnotes": null
    },
    {
      "ayah_number": 50,
      "translation_bis": "Ingon nga sama sila sa mga nangahadlok nga mga asno.",
      "footnotes": null
    },
    {
      "ayah_number": 51,
      "translation_bis": "Nga mikalagiw gikan sa usa ka leon?",
      "footnotes": null
    },
    {
      "ayah_number": 52,
      "translation_bis": "Hinunoa, ang matag-usa kanila nanag-handom nga kahatagan ug tinagsa ka linukot nga basahon nga gibuklad,",
      "footnotes": null
    },
    {
      "ayah_number": 53,
      "translation_bis": "Dili, apan sila wala mahadlok sa Pikas Kinabuhi.",
      "footnotes": null
    },
    {
      "ayah_number": 54,
      "translation_bis": "Dili, kini (ang Qur'an) sa pagkatinuod usa ka Pahinumdom.",
      "footnotes": null
    },
    {
      "ayah_number": 55,
      "translation_bis": "Busa bisan kinsa nga mobuot, (sila) makahinumdom niini.",
      "footnotes": null
    },
    {
      "ayah_number": 56,
      "translation_bis": "Apan dili sila makahimo niini gawas kon mobuot ang Allāh. Siya mao ang takus nga kahadlokan, ug Siya mao ang usa nga tigpasaylo.",
      "footnotes": null
    }
  ]
}