{
  "surah_number": 75,
  "ayahs": [
    {
      "ayah_number": 1,
      "translation_bis": "Ako (Dios) nanumpa sa Adlaw sa Pagkabanhaw (ug Paghukom).",
      "footnotes": null
    },
    {
      "ayah_number": 2,
      "translation_bis": "Ug nanumpa ako pinaagi sa nagbadlong ug nagbasol sa kaugalingon nga kalag 'sa magtotoo' (nga ikaw siguradong mahimong mabanhaw).",
      "footnotes": null
    },
    {
      "ayah_number": 3,
      "translation_bis": "Naghunahuna ba tawo nga Kami dili magtapok iyang mga ka-bukogan 'sa pagbanhaw kaniya alang Paghukom'?",
      "footnotes": null
    },
    {
      "ayah_number": 4,
      "translation_bis": "Apan oo, Kami makahimo sa pagpasig-uli (bisan pa) sa tumoy sa iyang mga tudlo (sa hingpit nga pagkahan-ay).",
      "footnotes": null
    },
    {
      "ayah_number": 5,
      "translation_bis": "Apan ang tawo nagtinguha nga magpadayon sa pagpakasala (ug pagpanghimakak sa unsay anaa sa iyang unahan).",
      "footnotes": null
    },
    {
      "ayah_number": 6,
      "translation_bis": "nga naga-pangutana ˹sa pagbiaybiay˺: \"Kanus-a ang Adlaw sa Pagkabanhaw (ug Paghukom)?\"",
      "footnotes": null
    },
    {
      "ayah_number": 7,
      "translation_bis": "Busa sa diha nga ang ang panan-aw\n nakugang (sa pagkakurat ug pagkahadlok),",
      "footnotes": null
    },
    {
      "ayah_number": 8,
      "translation_bis": "Ug ang bulan midulom,",
      "footnotes": null
    },
    {
      "ayah_number": 9,
      "translation_bis": "ug ang adlaw ug ang bulan gihiusa1,",
      "footnotes": "1. Nagsubang gikan sa kasadpan ug nawad-an sa ilang kahayag."
    },
    {
      "ayah_number": 10,
      "translation_bis": "Ang tawo moingon nianang Adlawa: \"Hain (ang dalangpanan) aron sa pagkalagiw (pag-ikyas)?\"",
      "footnotes": null
    },
    {
      "ayah_number": 11,
      "translation_bis": "Apan dili, wala nay dapit nga dalangpanan!",
      "footnotes": null
    },
    {
      "ayah_number": 12,
      "translation_bis": "Anaa sa imong Ginoo (Allah) lamang nianang Adlawa ang dapit nga kapahulayan.",
      "footnotes": null
    },
    {
      "ayah_number": 13,
      "translation_bis": "Nianang adlawa, ang tawo paga-tug'anan sa unsay ang iyang gipadala unahan ug gibiyaan (sa kung maayo o daotan nga mga buhat).",
      "footnotes": null
    },
    {
      "ayah_number": 14,
      "translation_bis": "Hinoon, ang tawo maoy saksi batok sa iyang kaugalingon,",
      "footnotes": null
    },
    {
      "ayah_number": 15,
      "translation_bis": "Bisan pa siya maga-himog pama-libad (aron sa pagtabon sa iyang mga sayop nga buhat).",
      "footnotes": null
    },
    {
      "ayah_number": 16,
      "translation_bis": "Ayaw ilihok (O Propeta Muhammad) ang imong dila sa pagdali (pagsubli sa unsay madayag kanimo sa Qur'an sa wala pa kini makompleto).",
      "footnotes": null
    },
    {
      "ayah_number": 17,
      "translation_bis": "Sa pagkatinuod ngadto Kanamo ang paghimo kanimo sa pag-saulo ug aron sa paghatag kanimo sa katakos sa pagbasa (sa Qur'an).",
      "footnotes": null
    },
    {
      "ayah_number": 18,
      "translation_bis": "Busa sa diha nga Kami maglitok niini (pinaagi ni anghel Gabriel) nganha kanimo (Oh Muhammad), sunda ang paglitok niini.",
      "footnotes": null
    },
    {
      "ayah_number": 19,
      "translation_bis": "Ug ngadto Kanamo (sa Allah) ang (katungdanan sa) pagpatin-aw niini nganha kanimo (oh Muhammad).",
      "footnotes": null
    },
    {
      "ayah_number": 20,
      "translation_bis": "Apan kamo (mga manlilimod) naghigugma ang hamubo kinabuhi,",
      "footnotes": null
    },
    {
      "ayah_number": 21,
      "translation_bis": "Ug pagpasagad sa Pikas Kinabuhi.",
      "footnotes": null
    },
    {
      "ayah_number": 22,
      "translation_bis": "(Ang uban sa) mga nawong nianang Adlawa maghayag,",
      "footnotes": null
    },
    {
      "ayah_number": 23,
      "translation_bis": "Nagtan-aw sa ilang Ginoo 'Allāh'.",
      "footnotes": null
    },
    {
      "ayah_number": 24,
      "translation_bis": "Ug \"uban\" nga mga nawong nianang Adlawa mangitngit uban sa pagkawalay paglaum,",
      "footnotes": null
    },
    {
      "ayah_number": 25,
      "translation_bis": "Sa pagkahibalo nga ang pipila ka dagkong Katalagman muabotay na ngadto kanila.",
      "footnotes": null
    },
    {
      "ayah_number": 26,
      "translation_bis": "Apan sa dihang ang kalag makaabot sa kwelyo bukog 'samtang kini mobiya',",
      "footnotes": null
    },
    {
      "ayah_number": 27,
      "translation_bis": "Ug iga-ingon: \"Kinsa ba ang makaayo kaniya ug makaluwas kaniya gikan sa kamatayon?\"",
      "footnotes": null
    },
    {
      "ayah_number": 28,
      "translation_bis": "Ug siya masayod nga kini mao na ang (panahon sa) pagbiya (kamatayon).",
      "footnotes": null
    },
    {
      "ayah_number": 29,
      "translation_bis": "Ug sa diha nga ang usa ka tiil idikit na ngadto sa pikas (nga mao ang pagputos aron sa paglubong);",
      "footnotes": null
    },
    {
      "ayah_number": 30,
      "translation_bis": "Ngadto sa (Allah) nga imong Ginoo nianang Adlawa mao ang dapit kapadulngan.",
      "footnotes": null
    },
    {
      "ayah_number": 31,
      "translation_bis": "Busa siya wala gayod sa motoo o nag-ampo,",
      "footnotes": null
    },
    {
      "ayah_number": 32,
      "translation_bis": "Apan siya misalikway (sa Kamatuoran sa Islam) ug mitalikod (gikan niini),",
      "footnotes": null
    },
    {
      "ayah_number": 33,
      "translation_bis": "Unya miadto siya sa iyang katawhan, nga naglakaw nga mapahitas-on.",
      "footnotes": null
    },
    {
      "ayah_number": 34,
      "translation_bis": "Alaut kamo, ug labaw pa nga alaut!",
      "footnotes": null
    },
    {
      "ayah_number": 35,
      "translation_bis": "Pag-usab, alaut kamo, ug labi pang alaut!",
      "footnotes": null
    },
    {
      "ayah_number": 36,
      "translation_bis": "Naghunahuna ba ang tawo nga siya pasagdan nga maglatagaw nga walay katuyoan (ug dili mobalik ngadto sa Allah alang sa Paghukom)?.",
      "footnotes": null
    },
    {
      "ayah_number": 37,
      "translation_bis": "Dili ba siya usa lamang ka tulo sa semilya nga migawas,",
      "footnotes": null
    },
    {
      "ayah_number": 38,
      "translation_bis": "Unya siya nahimo nga usa ka tibugol nga dugo, ug Siya (Allah) milalang (kaniya) ug miumol (kaniya) sa tukma nga hulma (o hulagway).",
      "footnotes": null
    },
    {
      "ayah_number": 39,
      "translation_bis": "Ug gikan niana, Siya 'Allāh' mibuhat sa duha ka matang, lalaki ug babaye.",
      "footnotes": null
    },
    {
      "ayah_number": 40,
      "translation_bis": "Dili pa kana (Allah, ang Manlalalang ), makahimo sa pagbanhaw sa mga patay2?",
      "footnotes": "2. Oo, Siya makahimo sa tanang butang."
    }
  ]
}