{
  "surah_number": 77,
  "ayahs": [
    {
      "ayah_number": 1,
      "translation_bis": "Ako (Dios) nanumpa pinaagi sa mga hangin nga gipadala unahan nga nagsunod-sunod (alang sa kaayohan sa mga tawo),",
      "footnotes": null
    },
    {
      "ayah_number": 2,
      "translation_bis": "Ug pinaagi sa naghaguros nga mga unos,",
      "footnotes": null
    },
    {
      "ayah_number": 3,
      "translation_bis": "Ug pinaagi sa mga hangin nga nagsabwag \nsa mga panganod ug ulan sa layo ug lapad,",
      "footnotes": null
    },
    {
      "ayah_number": 4,
      "translation_bis": "Ug pinaagi sa ang mga anghel nga nagdala mga pagpadayag nga nagbulag sa husto gikan sa sayop,",
      "footnotes": null
    },
    {
      "ayah_number": 5,
      "translation_bis": "Ug Ako nanumpa pinaagi sa mga anghel nga nagdala sa Pinadayag,",
      "footnotes": null
    },
    {
      "ayah_number": 6,
      "translation_bis": "Nagtapos sa mga pasangil ug paghatag ug mga pasidaan1.",
      "footnotes": "1. Sa pagpasaylo (sa mga magtutuo ug aron sa pagpasidaan ug pagputol sa tanan nga mga pasangil gikan sa ang mga manlilimod."
    },
    {
      "ayah_number": 7,
      "translation_bis": "Sa pagkatinuod, ang unsay saad kaninyo (sa grasya o kapungot sa Allāh Dios) \nmatuman gayud.",
      "footnotes": null
    },
    {
      "ayah_number": 8,
      "translation_bis": "Busa sa diha nga ang mga bitoon mawad-an sa ilang kahayag,",
      "footnotes": null
    },
    {
      "ayah_number": 9,
      "translation_bis": "Sa diha nga ang langit napikas,",
      "footnotes": null
    },
    {
      "ayah_number": 10,
      "translation_bis": "Sa diha nga ang manga kabukiran paga-dugmukon sama sa abog,",
      "footnotes": null
    },
    {
      "ayah_number": 11,
      "translation_bis": "Ug sa diha nga ang mga Mensahero (sa Allah) matigom sa ilang gikatakdang panahon.",
      "footnotes": null
    },
    {
      "ayah_number": 12,
      "translation_bis": "Alang sa unsang Adlawa ba kini gilangan?",
      "footnotes": null
    },
    {
      "ayah_number": 13,
      "translation_bis": "Alang sa Adlaw sa Paghukom.",
      "footnotes": null
    },
    {
      "ayah_number": 14,
      "translation_bis": "Ug unsay makapahibalo kanimo kon unsa ang Adlaw sa Paghukom?",
      "footnotes": null
    },
    {
      "ayah_number": 15,
      "translation_bis": "Nan, niadtong adlawa alaut alang niadtong milimod (sa Kamatuoran ug misupak sa Kalinaw),",
      "footnotes": null
    },
    {
      "ayah_number": 16,
      "translation_bis": "Wala ba Kami naglaglag sa kanhing (makasasala) mga Henerasyon?",
      "footnotes": null
    },
    {
      "ayah_number": 17,
      "translation_bis": "Ug Kami maghimo sa ulahing mga kaliwatan (nga sama kanila) nga mosunod kanila (sa kalaglagan).",
      "footnotes": null
    },
    {
      "ayah_number": 18,
      "translation_bis": "Sa ingon niana Kami nakiglabot ang mga daotan.",
      "footnotes": null
    },
    {
      "ayah_number": 19,
      "translation_bis": "Nan, niadtong adlawa alaut alang niadtong milimod (sa Kamatuoran ug misupak sa Kalinaw),",
      "footnotes": null
    },
    {
      "ayah_number": 20,
      "translation_bis": "Wala ba Kami naglalang kaninyo gikan sa usa ka tinamay nga likido?",
      "footnotes": null
    },
    {
      "ayah_number": 21,
      "translation_bis": "Unya Among Gitipigan kini sa usa ka luwas nga dapit (ang tagoangkan),",
      "footnotes": null
    },
    {
      "ayah_number": 22,
      "translation_bis": "Hangtod sa usa ka gitakda nga panahon,",
      "footnotes": null
    },
    {
      "ayah_number": 23,
      "translation_bis": "Kami nagtakda niini, ug Kami maoy labing maayo sa pagtino niini.",
      "footnotes": null
    },
    {
      "ayah_number": 24,
      "translation_bis": "Nan, niadtong adlawa alaut alang niadtong milimod (sa Kamatuoran ug misupak sa Kalinaw),",
      "footnotes": null
    },
    {
      "ayah_number": 25,
      "translation_bis": "Wala ba Namo gihimo ang yuta ingon nga \ntigumanan 'ninyong tanan',",
      "footnotes": null
    },
    {
      "ayah_number": 26,
      "translation_bis": "Alang sa mga buhi ug sa mga patay,",
      "footnotes": null
    },
    {
      "ayah_number": 27,
      "translation_bis": "Ug naghimo sulod niini ug tag-as nga mga bukid, ug naghatag kaninyo ug lab-as nga tubig aron sa pag-inom?",
      "footnotes": null
    },
    {
      "ayah_number": 28,
      "translation_bis": "Nan, niadtong adlawa alaut alang niadtong milimod (sa Kamatuoran ug misupak sa Kalinaw),",
      "footnotes": null
    },
    {
      "ayah_number": 29,
      "translation_bis": "Ang mga manlilimod pagasultihon ', \"Padayon ngadto sa kalayo nga imong gilimod kaniadto.",
      "footnotes": null
    },
    {
      "ayah_number": 30,
      "translation_bis": "Padayon ngadto sa usa ka landong [sa aso] nga adunay tulo ka kolum,",
      "footnotes": null
    },
    {
      "ayah_number": 31,
      "translation_bis": "Nga wala maghatag ug katugnaw o kapasilongan gikan sa mga dilaab sa kalayo.",
      "footnotes": null
    },
    {
      "ayah_number": 32,
      "translation_bis": "Sa pagkatinuod kini nagpadala ug mga aligato (nga ang gidak-on sama) sa mga palasyo,",
      "footnotes": null
    },
    {
      "ayah_number": 33,
      "translation_bis": "Sama sa dalag [itom] nga mga kamelyo.",
      "footnotes": null
    },
    {
      "ayah_number": 34,
      "translation_bis": "Nan, niadtong adlawa alaut alang niadtong milimod (sa Kamatuoran ug misupak sa Kalinaw),",
      "footnotes": null
    },
    {
      "ayah_number": 35,
      "translation_bis": "Kini mao ang adlaw diin nga sila dili\nmakahimo sa pagsulti:",
      "footnotes": null
    },
    {
      "ayah_number": 36,
      "translation_bis": "Ug ang pagtugot dili ihatag ngadto kanila aron sila makahatag og mga pasangil.",
      "footnotes": null
    },
    {
      "ayah_number": 37,
      "translation_bis": "Nan, niadtong adlawa alaut alang niadtong milimod (sa Kamatuoran ug misupak sa Kalinaw),",
      "footnotes": null
    },
    {
      "ayah_number": 38,
      "translation_bis": "Kini mao ang Adlaw sa Paghukom: Gitigom ka namo ug niadtong nauna kaninyo.",
      "footnotes": null
    },
    {
      "ayah_number": 39,
      "translation_bis": "Busa kon kamo adunay ilaraw, himoa ninyo kini nga paglaraw karon batok Kanako.",
      "footnotes": null
    },
    {
      "ayah_number": 40,
      "translation_bis": "Nan, niadtong adlawa alaut alang niadtong milimod (sa Kamatuoran ug misupak sa Kalinaw),",
      "footnotes": null
    },
    {
      "ayah_number": 41,
      "translation_bis": "Sa pagkatinuod ang mga matarong maanaa sa mga landong nga kapasilongan ug mga tuburan,",
      "footnotes": null
    },
    {
      "ayah_number": 42,
      "translation_bis": "Uban sa nagka-daiyang matang sa mga bunga nga ilang gitinguha.",
      "footnotes": null
    },
    {
      "ayah_number": 43,
      "translation_bis": "Sila pagasultihon': \"Kumaon ug uminom kamo sa katag-bawan sa inyong manga kasing-kasing, tungod sa imong mga matarong nga buhat.\"",
      "footnotes": null
    },
    {
      "ayah_number": 44,
      "translation_bis": "Sa pagkatinuod, sa ingon niana Kami moganti sa mga tigbuhat ug maayo.",
      "footnotes": null
    },
    {
      "ayah_number": 45,
      "translation_bis": "Nan, niadtong adlawa alaut alang niadtong milimod (sa Kamatuoran ug misupak sa Kalinaw),",
      "footnotes": null
    },
    {
      "ayah_number": 46,
      "translation_bis": "O kamong mga manlilimod', kaon ug lipaya ang inyong mga kaugalingon sa makadiyut; sa pagkatinuod kamo sad-an.",
      "footnotes": null
    },
    {
      "ayah_number": 47,
      "translation_bis": "Nan, niadtong adlawa alaut alang niadtong milimod (sa Kamatuoran ug misupak sa Kalinaw),",
      "footnotes": null
    },
    {
      "ayah_number": 48,
      "translation_bis": "Sa diha nga kini iga-ingon ngadto kanila: \"Yumukbo (ngadto sa Allah, ug pagbuhat ang pag-ampo alang sa Paghandum Kaniya), sila dili muyukbo.\"",
      "footnotes": null
    },
    {
      "ayah_number": 49,
      "translation_bis": "Nan, niadtong adlawa alaut alang niadtong milimod (sa Kamatuoran ug misupak sa Kalinaw),",
      "footnotes": null
    },
    {
      "ayah_number": 50,
      "translation_bis": "Sa unsa nga pamahayag pa unya, human niini (Qur'an), sila motuo?",
      "footnotes": null
    }
  ]
}