{
  "surah_number": 81,
  "ayahs": [
    {
      "ayah_number": 1,
      "translation_bis": "Sa diha nga ang adlaw naputos 'sa kangitngit' ug gitabonan,",
      "footnotes": null
    },
    {
      "ayah_number": 2,
      "translation_bis": "Ug sa diha nga ang mga bitoon mongitngit (ug mangahulog),",
      "footnotes": null
    },
    {
      "ayah_number": 3,
      "translation_bis": "Ug sa diha nga ang mga kabukiran papalihokon 'ug ipakatag ingon nga mga abog',",
      "footnotes": null
    },
    {
      "ayah_number": 4,
      "translation_bis": "Ug sa diha nga ang buros nga mga kamelyo nga hapit nang manganak[1] mapasagdan,",
      "footnotes": "[1]. Apil ang labing bililhon nga mga kabtangan sa usa ka tawo."
    },
    {
      "ayah_number": 5,
      "translation_bis": "Ug sa diha nga ang ihalas nga mga mananap pagatigumon,",
      "footnotes": null
    },
    {
      "ayah_number": 6,
      "translation_bis": "Ug sa diha nga ang mga dagat gitakda sa kalayo ug magbukal (o moawas ngadto sa usag-usa),",
      "footnotes": null
    },
    {
      "ayah_number": 7,
      "translation_bis": "Ug sa diha nga ang mga kalag mahiusa[2],",
      "footnotes": "[2]. Sama uban sama o mahiusa pag-usab sa ilang mga lawas."
    },
    {
      "ayah_number": 8,
      "translation_bis": "Ug sa diha nga ang anak nga babaye nga gilubong nga buhi pangutan-on[3],",
      "footnotes": "[3]. O gipatay tungod sa kahadlok sa kakabus."
    },
    {
      "ayah_number": 9,
      "translation_bis": "Alang sa unsa nga sala siya gipatay,",
      "footnotes": null
    },
    {
      "ayah_number": 10,
      "translation_bis": "Ug sa diha nga ang mga linukot nga basahon (sa mga buhat sa tawo) mabuklad,",
      "footnotes": null
    },
    {
      "ayah_number": 11,
      "translation_bis": "Ug sa diha nga ang langit makunis,",
      "footnotes": null
    },
    {
      "ayah_number": 12,
      "translation_bis": "ug sa diha nga ang Impiyerno mapintas nga misilaob,",
      "footnotes": null
    },
    {
      "ayah_number": 13,
      "translation_bis": "ug sa diha nga ang Paraiso gipaduol (ngadto sa mga matarung),",
      "footnotes": null
    },
    {
      "ayah_number": 14,
      "translation_bis": "Ang matag kalag 'unya' mahibalo kung unsa ang sa giandam (nga maayo o daotan nga mga buhat).",
      "footnotes": null
    },
    {
      "ayah_number": 15,
      "translation_bis": "Busa nanumpa ako sa mga planeta nga nag-urong,",
      "footnotes": null
    },
    {
      "ayah_number": 16,
      "translation_bis": "Nga nagdagan sa ilang mga agianan (ug) musalop,",
      "footnotes": null
    },
    {
      "ayah_number": 17,
      "translation_bis": "Ug pinaagi sa gabii sa diha nga kini matapos,",
      "footnotes": null
    },
    {
      "ayah_number": 18,
      "translation_bis": "Ug pinaagi sa kabuntagon sa diha nga kini muginhawa (muhayag),",
      "footnotes": null
    },
    {
      "ayah_number": 19,
      "translation_bis": "Sa pagkatinuod, kini nga ˹Quran˺ mao ang Pulong sa ˹Allah nga gihatud ni Gabriel,˺ usa ka halangdon nga mensahero-anghel,",
      "footnotes": null
    },
    {
      "ayah_number": 20,
      "translation_bis": "Gitugahan sa gahum, nga gihatag sa (Allah), ang Ginoo sa (Dakong) Trono,",
      "footnotes": null
    },
    {
      "ayah_number": 21,
      "translation_bis": "Mituman didto ˹sa langit˺, ug kasaligan.",
      "footnotes": null
    },
    {
      "ayah_number": 22,
      "translation_bis": "Ug (Oh mga tawo) ang inyong kauban (ang Propeta Muhammad) dili (gayud) buang.",
      "footnotes": null
    },
    {
      "ayah_number": 23,
      "translation_bis": "Ug sa pagkatinuod siya nakakita kaniya (Gabriel) sa tin-aw nga kapunawpunawan.",
      "footnotes": null
    },
    {
      "ayah_number": 24,
      "translation_bis": "Ug siya niini wala mag-hikaw ˹unsay padayag kaniya sa˺ nga dili makita.",
      "footnotes": null
    },
    {
      "ayah_number": 25,
      "translation_bis": "Ni kini (ang Qur’an dili) pulong sa tinunglo nga Satanas,",
      "footnotes": null
    },
    {
      "ayah_number": 26,
      "translation_bis": "Busa asa kamo padulong 'sa inyong paglimod sa Qur'an ug pagtalikod niini?",
      "footnotes": null
    },
    {
      "ayah_number": 27,
      "translation_bis": "Kini (ang Qur’an) mao lamang sa usa ka Pahinumdom sa (tanang) mga katawhan ug jinn,",
      "footnotes": null
    },
    {
      "ayah_number": 28,
      "translation_bis": "Alang Kaniya taliwala kaninyo nga buot musubay sa hustong dalan 'ngadto sa Allāh'.",
      "footnotes": null
    },
    {
      "ayah_number": 29,
      "translation_bis": "Apan dili kamo makahimo sa nagbuot, gawas kon ang Allah ang mobuot, ang Ginoo sa tanan nga linalang.",
      "footnotes": null
    }
  ]
}