{
  "surah_number": 82,
  "ayahs": [
    {
      "ayah_number": 1,
      "translation_bis": "Sa diha nga ang langit magkabuak-buak.",
      "footnotes": null
    },
    {
      "ayah_number": 2,
      "translation_bis": "Ug sa diha nga ang mga bitoon magkatibulaag,",
      "footnotes": null
    },
    {
      "ayah_number": 3,
      "translation_bis": "Ug sa diha nga ang mga dagat maga-awas,",
      "footnotes": null
    },
    {
      "ayah_number": 4,
      "translation_bis": "Ug sa diha nga ang (mga sulod sa) mga lubnganan mahabwa,",
      "footnotes": null
    },
    {
      "ayah_number": 5,
      "translation_bis": "Ang matag kalag (unya) mahibalo kung unsa ang iyang gipadala ug unsa ang iyang gibiyaan (nga maayo o daotan nga mga buhat).",
      "footnotes": null
    },
    {
      "ayah_number": 6,
      "translation_bis": "Oh tawo, unsa ang nakapalinga kaninyo gikan sa imong Ginoo (Allah), nga Labing Mahinatagon,",
      "footnotes": null
    },
    {
      "ayah_number": 7,
      "translation_bis": "Kinsa ba ang naglalang kaninyo, nag-umol kaninyo, ug naghulma kaninyo sa kahingpitan?",
      "footnotes": null
    },
    {
      "ayah_number": 8,
      "translation_bis": "Sa bisan unsang dagway nga Iyang gibuot gimugna Niya kamo.",
      "footnotes": null
    },
    {
      "ayah_number": 9,
      "translation_bis": "Apan dili, Ikaw naglimod sa (Adlaw sa Paghukom ug) Pagbalus.",
      "footnotes": null
    },
    {
      "ayah_number": 10,
      "translation_bis": "Ug sa pagkatinuod adunay mga magbalantay ibabaw kaninyo (mga anghel);",
      "footnotes": null
    },
    {
      "ayah_number": 11,
      "translation_bis": "Nga pinasidung'gan nga mga eskriba,",
      "footnotes": null
    },
    {
      "ayah_number": 12,
      "translation_bis": "Nahibalo sila sa tanan ninyong gibuhat.",
      "footnotes": null
    },
    {
      "ayah_number": 13,
      "translation_bis": "Sa pagkatinuod, ang mga matarung maanaa sa Kalipay,",
      "footnotes": null
    },
    {
      "ayah_number": 14,
      "translation_bis": "Ug sa pagkatinuod ang mga dautan maanaa sa nagdilaab nga Kalayo,",
      "footnotes": null
    },
    {
      "ayah_number": 15,
      "translation_bis": "Nga diin sila mosulod sa Adlaw sa Pagbalus.",
      "footnotes": null
    },
    {
      "ayah_number": 16,
      "translation_bis": "Ug sila dili gayud mawala gikan niini.",
      "footnotes": null
    },
    {
      "ayah_number": 17,
      "translation_bis": "Ug unsa ang magpahibalo kanimo kung unsa ang Adlaw 'sa Paghukom ug' sa Pagbalus?",
      "footnotes": null
    },
    {
      "ayah_number": 18,
      "translation_bis": "Sa makausa pa, unsay makapahibalo kanimo kon unsa ang Adlaw sa Pagbalus?",
      "footnotes": null
    },
    {
      "ayah_number": 19,
      "translation_bis": "Mao na kana ang adlaw sa diha nga ang kalag wala nay gahum sa pagbuhat ug bisan unsa alang sa (laing) kalag; ug tanang hukom nianang Adlawa (bug-os) alang lang sa Allāh.",
      "footnotes": null
    }
  ]
}