{
  "surah_number": 84,
  "ayahs": [
    {
      "ayah_number": 1,
      "translation_bis": "Sa dihang ang langit nagkapikas-pikas,",
      "footnotes": null
    },
    {
      "ayah_number": 2,
      "translation_bis": "Ug naminaw sa iyang Ginoo (Allāh sa bug-os nga pagtuman), nga kini kinahanglan gayud nga mahimo sa ingon.",
      "footnotes": null
    },
    {
      "ayah_number": 3,
      "translation_bis": "Ug sa diha nga ang yuta mao giinat ug palawig,",
      "footnotes": null
    },
    {
      "ayah_number": 4,
      "translation_bis": "Ug ginasalibay ang unsay anaa sa sulod niini ug nahimong walay sulod,",
      "footnotes": null
    },
    {
      "ayah_number": 5,
      "translation_bis": "Ug naminaw sa iyang Ginoo (Allāh sa bug-os nga pagtuman), nga kini kinahanglan gayud nga mahimo sa ingon.",
      "footnotes": null
    },
    {
      "ayah_number": 6,
      "translation_bis": "Oh tawo, sa pagkatinuod ikaw naghago ngadto sa imong Ginoo (Allah) uban sa (dako) nga pagpaningkamot, ug matagboan (ang mga resulta o sangpotanan sa inyong buhat).",
      "footnotes": null
    },
    {
      "ayah_number": 7,
      "translation_bis": "Unya mahitungod kaniya nga gihatagan sa iyang talaan sa iyang toong kamot,",
      "footnotes": null
    },
    {
      "ayah_number": 8,
      "translation_bis": "Siya pagahukman uban sa gaan ​​nga pag-ihap;",
      "footnotes": null
    },
    {
      "ayah_number": 9,
      "translation_bis": "Ug siya mobalik sa iyang katawhan nga malipayon.",
      "footnotes": null
    },
    {
      "ayah_number": 10,
      "translation_bis": "Ug alang kaniya nga gihatagan sa iyang talaan sa iyang likod,",
      "footnotes": null
    },
    {
      "ayah_number": 11,
      "translation_bis": "Siya mosinggit alang sa (kaugalingong) kalaglagan (kamatayon),",
      "footnotes": null
    },
    {
      "ayah_number": 12,
      "translation_bis": "Ug siya mosulod ngadto sa nagdilaab nga Kalayo.",
      "footnotes": null
    },
    {
      "ayah_number": 13,
      "translation_bis": "Sa pagkatinuod, siya nagmalipayon kauban sa iyang katawhan.",
      "footnotes": null
    },
    {
      "ayah_number": 14,
      "translation_bis": "Sa pagkatinuod siya naghunahuna nga siya dili na mobalik (sa Allah).",
      "footnotes": null
    },
    {
      "ayah_number": 15,
      "translation_bis": "Apan oo, sa pagkatinuod ang iyang Ginoo (Allah) kanunay nga Nagbantay kaniya.",
      "footnotes": null
    },
    {
      "ayah_number": 16,
      "translation_bis": "Busa Ako (Dios) manumpa pinaagi sa kilumkilom sa pagsalop sa adlaw,",
      "footnotes": null
    },
    {
      "ayah_number": 17,
      "translation_bis": "Ug pinaagi sa kagabhion, ug sa unsay natigum niini sa kangitngit,",
      "footnotes": null
    },
    {
      "ayah_number": 18,
      "translation_bis": "Ug pinaagi sa bulan sa diha nga kini motakdol na,",
      "footnotes": null
    },
    {
      "ayah_number": 19,
      "translation_bis": "Nga kamo sa pagkatinuod mosulod sa usa ka kahimtang, human sa usa ka kahimtang.",
      "footnotes": null
    },
    {
      "ayah_number": 20,
      "translation_bis": "Nan, unsa ba ang hinungdan nga sila wala motuo?",
      "footnotes": null
    },
    {
      "ayah_number": 21,
      "translation_bis": "Ug sa diha nga ang Qur’an gilitok ngadto kanila sila dili mohapa (ni mupailalom sa mga Kamandoan niini)?",
      "footnotes": null
    },
    {
      "ayah_number": 22,
      "translation_bis": "Apan sila nga wala nagtuo (sa Allah ug sa Iyang mga Pinadayag) nagsalikway sa Kamatuoran.",
      "footnotes": null
    },
    {
      "ayah_number": 23,
      "translation_bis": "Ug ang Allah labing nakahibalo sa unsay ilang gitagoan (sa ilang mga dughan),",
      "footnotes": null
    },
    {
      "ayah_number": 24,
      "translation_bis": "Busa ipahibalo kanila ang usa ka sakit nga silot,",
      "footnotes": null
    },
    {
      "ayah_number": 25,
      "translation_bis": "Gawas niadtong mituo ug nagbuhat ug matarung nga buhat. Alang kanila mao ang usa ka Ganti nga dili gayud maputol.",
      "footnotes": null
    }
  ]
}