{
  "surah_number": 86,
  "ayahs": [
    {
      "ayah_number": 1,
      "translation_bis": "Ako (Allah) nanumpa sa langit ug ang bituon sa gabii!.",
      "footnotes": null
    },
    {
      "ayah_number": 2,
      "translation_bis": "Unsay nagpahibalo kanimo mahitungod niining bituon sa gabie?",
      "footnotes": null
    },
    {
      "ayah_number": 3,
      "translation_bis": "(Kini mao) ang bitoon nga nagsiga sa hilabihan nga kasilaw.",
      "footnotes": null
    },
    {
      "ayah_number": 4,
      "translation_bis": "Walay usa nga kalag apan sa ibabaw niini adunay magbalantay (anghel).",
      "footnotes": null
    },
    {
      "ayah_number": 5,
      "translation_bis": "Busa pasagdi nga mamalandong ang tawo kun asa siya gikan sa pag-lalang:",
      "footnotes": null
    },
    {
      "ayah_number": 6,
      "translation_bis": "Siya gi-lalang gikan sa usa ka tulo (sa semilya), nga migawas,",
      "footnotes": null
    },
    {
      "ayah_number": 7,
      "translation_bis": "Nga migawas gikan sa taliwala sa buko-buko (sa lalaki), ug sa mga gusok (sa babaye).",
      "footnotes": null
    },
    {
      "ayah_number": 8,
      "translation_bis": "Sa pagkatinuod Siya (Allah) makahimo sa pagpabalik sa tawo (sa kinabuhi human sa iyang kamatayon alang sa Paghukom).",
      "footnotes": null
    },
    {
      "ayah_number": 9,
      "translation_bis": "Sa Adlaw nga ang mga tinago madayag (gisusi ug gihukman),",
      "footnotes": null
    },
    {
      "ayah_number": 10,
      "translation_bis": "Ang tawo walay gahum ni magtatabang.",
      "footnotes": null
    },
    {
      "ayah_number": 11,
      "translation_bis": "Ug (Ako Allah nanumpa pinaagi) sa langit nga nagabalik sa 'ulan, ug uban pa'.",
      "footnotes": null
    },
    {
      "ayah_number": 12,
      "translation_bis": "Ug pinaagi sa yuta nga kanunay nga magpa-turok (uban sa pagtubo sa mga tanom).",
      "footnotes": null
    },
    {
      "ayah_number": 13,
      "translation_bis": "Sa pagkatinuod kini (ang Qur'an) usa ka mahukmanong Pulong,",
      "footnotes": null
    },
    {
      "ayah_number": 14,
      "translation_bis": "Ug kini dili dula ug binuang 'nga dili pagatuohan; \"apan kini seryoso ug tinuod\".",
      "footnotes": null
    },
    {
      "ayah_number": 15,
      "translation_bis": "Sa pagkatinuod sila 'mga manlilimod' naglaraw ug usa ka laraw (batok sa Kamatuoran),",
      "footnotes": null
    },
    {
      "ayah_number": 16,
      "translation_bis": "Ako (usab) nagplano ug usa ka plano (batok kanila).",
      "footnotes": null
    },
    {
      "ayah_number": 17,
      "translation_bis": "Busa hatagi ang mga manlilimod sa lugway; ug pasagdi sila sa makadiyot.",
      "footnotes": null
    }
  ]
}