{
  "surah_number": 87,
  "ayahs": [
    {
      "ayah_number": 1,
      "translation_bis": "Dayga ug Himayaa ang Ngalan nga imong Ginoo (Allāh), ang Labing Taas,",
      "footnotes": null
    },
    {
      "ayah_number": 2,
      "translation_bis": "Nga mao ang nagbuhat (sa tanang butang), ug unya miumol niini (sa kahingpit).",
      "footnotes": null
    },
    {
      "ayah_number": 3,
      "translation_bis": "Nga maoy nagtino ug naggiya,",
      "footnotes": null
    },
    {
      "ayah_number": 4,
      "translation_bis": "Nga maoy nag-paturok ug nagpagula sa sibsibanan,",
      "footnotes": null
    },
    {
      "ayah_number": 5,
      "translation_bis": "Unya naghimo niini nga malaya sama sa abog.",
      "footnotes": null
    },
    {
      "ayah_number": 6,
      "translation_bis": "Kami maghimo kanimo (Oh Muhammad) nga magalitok (sa Qur'an), aron nga ikaw dili makalimot,",
      "footnotes": null
    },
    {
      "ayah_number": 7,
      "translation_bis": "Gawas sa unsay gibuot sa Allah, sa pagkatinuod Siya nasayud kun unsa ang dayag, ug unsa ang tinago.",
      "footnotes": null
    },
    {
      "ayah_number": 8,
      "translation_bis": "Kami maghimo niini nga sayon ​​alang kanimo, (sa pagsunod) sa sayon ​​nga Dalan (sa Islam).",
      "footnotes": null
    },
    {
      "ayah_number": 9,
      "translation_bis": "Busa padayun sa pagpahinumdum, basta ang pagpahinumdom mapuslanon.",
      "footnotes": null
    },
    {
      "ayah_number": 10,
      "translation_bis": "Siya nga anaa sa kahadloki sa Allāh \nmahinumdom niini,",
      "footnotes": null
    },
    {
      "ayah_number": 11,
      "translation_bis": "Apan ang labing alaot maglikay niini,",
      "footnotes": null
    },
    {
      "ayah_number": 12,
      "translation_bis": "kinsa paga-sunugon sa labing dako nga kalayo.",
      "footnotes": null
    },
    {
      "ayah_number": 13,
      "translation_bis": "Ug didto siya dili na mamatay ni mabuhi.",
      "footnotes": null
    },
    {
      "ayah_number": 14,
      "translation_bis": "Siya sa pagkatinuod makabaton ug malungtarong kalipay kinsa nagaputli sa iyang kaugalingon (gikan sa kadautan),",
      "footnotes": null
    },
    {
      "ayah_number": 15,
      "translation_bis": "Ug magdayeg sa Ngalan sa iyang Ginoo - Allāh - ug nag-ampo.",
      "footnotes": null
    },
    {
      "ayah_number": 16,
      "translation_bis": "Apan gipalabi ninyo 'mga manlilimod' ang kinabuhi niining kalibutana,",
      "footnotes": null
    },
    {
      "ayah_number": 17,
      "translation_bis": "Samtang ang Pikas Kinabuhi maoy labing maayo ug mas malungtaron.",
      "footnotes": null
    },
    {
      "ayah_number": 18,
      "translation_bis": "Sa pagkatinuod, kini anaa sa nahaunang mga 'Balaan' nga Kasulatan,",
      "footnotes": null
    },
    {
      "ayah_number": 19,
      "translation_bis": "Ang mga Kasulatan ni Abraham ug ni Moises.",
      "footnotes": null
    }
  ]
}