{
  "surah_number": 88,
  "ayahs": [
    {
      "ayah_number": 1,
      "translation_bis": "Midangat ba kanimo ang balita mahitungod sa Makalilisang nga hitabo (sa Pagkabanhaw)?",
      "footnotes": null
    },
    {
      "ayah_number": 2,
      "translation_bis": "Pipila ka mga nawong nga nianang Adlawa mapakaulawan (ang mga nawong sa mga manlilimod),",
      "footnotes": null
    },
    {
      "ayah_number": 3,
      "translation_bis": "Nga hago pag-ayo 'sa kini niini kinabuhi', ug gikapoy uban ang hila-bihan nga kaluya (sa Pikas Kinabuhi),",
      "footnotes": null
    },
    {
      "ayah_number": 4,
      "translation_bis": "Sila mosulod sa naga-dilaab nga kalayo,",
      "footnotes": null
    },
    {
      "ayah_number": 5,
      "translation_bis": "Ug didto sila paga-paimnon sa usa ka nagbukal nga init nga tubod.",
      "footnotes": null
    },
    {
      "ayah_number": 6,
      "translation_bis": "Ug didto wala silay makaon gawas sa usa ka makahilo ug tunokon nga tanum,",
      "footnotes": null
    },
    {
      "ayah_number": 7,
      "translation_bis": "Nga dili makaamuma o makatagbaw (kanila) batok sa kagutom.",
      "footnotes": null
    },
    {
      "ayah_number": 8,
      "translation_bis": "Ubang mga nawong nianang adlawa magmalipayon (ang mga nawong sa mga magtotoo),",
      "footnotes": null
    },
    {
      "ayah_number": 9,
      "translation_bis": "Nalipay pag-ayo sa ilang pagpaningkamot 'alang sa gingharian sa Dios',",
      "footnotes": null
    },
    {
      "ayah_number": 10,
      "translation_bis": "Sa hataas nga tanaman (Paraiso),",
      "footnotes": null
    },
    {
      "ayah_number": 11,
      "translation_bis": "Didto, dili sila makadungog ug mga pulong nga kawang (o dautan).",
      "footnotes": null
    },
    {
      "ayah_number": 12,
      "translation_bis": "Didto adunay nagadagayday nga mga tubod,",
      "footnotes": null
    },
    {
      "ayah_number": 13,
      "translation_bis": "Uban sa mga trono nga gipataas,",
      "footnotes": null
    },
    {
      "ayah_number": 14,
      "translation_bis": "Ug mga kopa nga gibutang andam,",
      "footnotes": null
    },
    {
      "ayah_number": 15,
      "translation_bis": "Ug mga unlan nga gipanglaray,",
      "footnotes": null
    },
    {
      "ayah_number": 16,
      "translation_bis": "Ug mga alpombra nga nangabuklad.",
      "footnotes": null
    },
    {
      "ayah_number": 17,
      "translation_bis": "Nan wala ba nila gitan-aw ang mga kamelyo, kun giunsa sila paglalang?",
      "footnotes": null
    },
    {
      "ayah_number": 18,
      "translation_bis": "Ug sa langit, kun giunsa kini pagpataas?",
      "footnotes": null
    },
    {
      "ayah_number": 19,
      "translation_bis": "Ug ang mga kabukiran, kun giunsa sila pagbutang nga malig-on?",
      "footnotes": null
    },
    {
      "ayah_number": 20,
      "translation_bis": "Ug ang yuta, giunsa kini mikaylap?",
      "footnotes": null
    },
    {
      "ayah_number": 21,
      "translation_bis": "Busa (padayon sa) pagpahinumdom (kanila), kay ikaw usa lamang ka tigpahinumdom.",
      "footnotes": null
    },
    {
      "ayah_number": 22,
      "translation_bis": "Wala nimo sa pagpugos kanila 'sa pagtuo';",
      "footnotes": null
    },
    {
      "ayah_number": 23,
      "translation_bis": "Apan bisan kinsa nga motalikod ug naglimod (sa Kamatuoran),",
      "footnotes": null
    },
    {
      "ayah_number": 24,
      "translation_bis": "Ang Allah mosilot kaniya sa Labing Dako nga pagsakit.",
      "footnotes": null
    },
    {
      "ayah_number": 25,
      "translation_bis": "Sa pagkatinuod nganhi Kanamo (Allah) ang ilang pagbalik,",
      "footnotes": null
    },
    {
      "ayah_number": 26,
      "translation_bis": "Ug unya, sa pagkatinuod nganhi Kanamo (Allāh) mao ang ilang pag-ihap (ug Paghukom).",
      "footnotes": null
    }
  ]
}