{
  "surah_number": 89,
  "ayahs": [
    {
      "ayah_number": 1,
      "translation_bis": "Ako (Allah Dios) nanumpa pinaagi sa pagbanagbanag sa kaadlawon,",
      "footnotes": null
    },
    {
      "ayah_number": 2,
      "translation_bis": "Ug sa (unang) napulo ka gabii (sa bulan sa Dhul-Hijjah),",
      "footnotes": null
    },
    {
      "ayah_number": 3,
      "translation_bis": "ug ang even (numero), ug ang odd (numero),",
      "footnotes": null
    },
    {
      "ayah_number": 4,
      "translation_bis": "ug ang gabii sa diha nga kini molabay,",
      "footnotes": null
    },
    {
      "ayah_number": 5,
      "translation_bis": "Sa pagkatinuod, niini adunay igo nga panumpa alang sa mga tawo nga adunay salabutan.",
      "footnotes": null
    },
    {
      "ayah_number": 6,
      "translation_bis": "Wala ba nimo makita (O Muhammad) kung giunsa sa imong Ginoo (Allah) pagpakiglabot (sa tribo sa) ‘Aad,",
      "footnotes": null
    },
    {
      "ayah_number": 7,
      "translation_bis": "(Sa siyudad sa) Iram, nga adunay tag-as nga mga haligi,",
      "footnotes": null
    },
    {
      "ayah_number": 8,
      "translation_bis": "Nga ang sama niini wala pa hikaplagan sa (uban) ​​nga mga syudad.",
      "footnotes": null
    },
    {
      "ayah_number": 9,
      "translation_bis": "Ug (ang tribo ni) Thamud, nga mikulit 'sa ilang mga balay gikan sa dagko' nga mga bato sa walog,",
      "footnotes": null
    },
    {
      "ayah_number": 10,
      "translation_bis": "Ug kang Paraon, nga nagbaton ug gamhanang mga kasundalohan ug dako nga gingharian (ug mga gambalay),",
      "footnotes": null
    },
    {
      "ayah_number": 11,
      "translation_bis": "Nga sila (tanan) nakalapas sa kayutaan,",
      "footnotes": null
    },
    {
      "ayah_number": 12,
      "translation_bis": "Ug nagbuhat ug daghang korapsyon (kadautan) niini;",
      "footnotes": null
    },
    {
      "ayah_number": 13,
      "translation_bis": "Busa ang imong Ginoo (Allah) nagpahamtang kanila ug han-ay nga lain-laing matang sa pagsakit.",
      "footnotes": null
    },
    {
      "ayah_number": 14,
      "translation_bis": "Sa pagkatinuod! Ang imong Ginoo (Allah) kanunay nga Mabinantayon.",
      "footnotes": null
    },
    {
      "ayah_number": 15,
      "translation_bis": "Alang sa tawo 'ang manlilimod', sa diha nga ang iyang Ginoo (Allah) mosulay kaniya, ug nagmanggihatagon ngadto kaniya, ug naghimo kaniya mabuhi sa sayon ​​nga kinabuhi, siya muingon: 'Ang Akong Ginoo (Allah) nagpasidungog kanako.'",
      "footnotes": null
    },
    {
      "ayah_number": 16,
      "translation_bis": "Apan sa diha nga Siya mosulay kaniya ug magnihit alang kaniya sa iyang panginabuhian, siya moingon: 'Ang akong Ginoo (Allah) nagpakaulaw kanako.'",
      "footnotes": null
    },
    {
      "ayah_number": 17,
      "translation_bis": "Dili, apan kamo walay pagbati sa mga ilo,",
      "footnotes": null
    },
    {
      "ayah_number": 18,
      "translation_bis": "Ni kamo nagdasig sa usag-usa sa pagpakaon sa mga kabus,",
      "footnotes": null
    },
    {
      "ayah_number": 19,
      "translation_bis": "Ug nga kamo nag-kaon sa ilang mga panulondon, sa hilabihan nga pagka-hakog.",
      "footnotes": null
    },
    {
      "ayah_number": 20,
      "translation_bis": "Kamo nahigugma sa bahandi uban sa hilabihan nga paghigugma.",
      "footnotes": null
    },
    {
      "ayah_number": 21,
      "translation_bis": "Apan tan'awa, sa diha nga ang kalibutan dugmokon sa hilabihan nga mahisama sa pulbos,",
      "footnotes": null
    },
    {
      "ayah_number": 22,
      "translation_bis": "Ug ang imong Ginoo (Allah) moabut (alang sa Paghukom) ug ang mga anghel nga nahan-ay sa mga laray,",
      "footnotes": null
    },
    {
      "ayah_number": 23,
      "translation_bis": "Ang Imperno madayag sa duol nianang Adlawa. Nianang Adlawa ang tawo makahinumdom, apan unsaon [o unsa pa ang bili] kaniya sa ingon niadto nga pagkahinumdom?",
      "footnotes": null
    },
    {
      "ayah_number": 24,
      "translation_bis": "Siya moingon: \"Oh, Hinaut pa unta nga nakagahin ako kaniadto (pipila ka maayong mga buhat) alang niining akong kinabuhi karon (sa Pikas Kinabuhi).\"",
      "footnotes": null
    },
    {
      "ayah_number": 25,
      "translation_bis": "Busa niadtong Adlawa, walay makasilot nga sama sa Silot (sa Allah),",
      "footnotes": null
    },
    {
      "ayah_number": 26,
      "translation_bis": "Ug walay bisan kinsa nga makagapos sama sa Paggapos sa Allah 'alang sa mga mamumuhat sa dautan'.",
      "footnotes": null
    },
    {
      "ayah_number": 27,
      "translation_bis": "Iga-ingon ngadto sa mga matarung): \"O (ikaw), ang usa nga anaa sa (hingpit nga) kapahulayan ug katagbawan\";",
      "footnotes": null
    },
    {
      "ayah_number": 28,
      "translation_bis": "Balik ngadto sa imong Ginoo, nalipay pag-ayo ˹uban Kaniya˺ ug makapahimuot (ngadto Kaniya).",
      "footnotes": null
    },
    {
      "ayah_number": 29,
      "translation_bis": "Busa sulod uban sa Akong (matarung) nga mga ulipon (sa katawhan ug jinn),",
      "footnotes": null
    },
    {
      "ayah_number": 30,
      "translation_bis": "Ug sumulod sa Akong Paraiso.",
      "footnotes": null
    }
  ]
}