{
  "surah_number": 90,
  "ayahs": [
    {
      "ayah_number": 1,
      "translation_bis": "Ako (Dios) nanumpa pinaagi sa lungsod (sa Makkah).",
      "footnotes": null
    },
    {
      "ayah_number": 2,
      "translation_bis": "ug ikaw ˹O Propeta˺ gawasnon sa ˹pagpugong˺ sa niini nga siyudad ˹sa Makkah˺",
      "footnotes": null
    },
    {
      "ayah_number": 3,
      "translation_bis": "Ug Ako nanumpa pinaagi sa usa ka amahan (Abraham) ug sa iyang anak nga lalaki (Ismael: ang mga magtutukod sa Ka’bah sa Makkah).",
      "footnotes": null
    },
    {
      "ayah_number": 4,
      "translation_bis": "Sa pagkatinuod, Among gilalang ang katawhan sa ˹kanunayon˺ nga pakigbisog.",
      "footnotes": null
    },
    {
      "ayah_number": 5,
      "translation_bis": "Naghunahuna ba siya nga walay usa nga adunay gahum ibabaw kaniya?",
      "footnotes": null
    },
    {
      "ayah_number": 6,
      "translation_bis": "Siya nag-ingon (nga mapasigarbuhon): \"Ako migasto sa bahandi nga abunda.\"",
      "footnotes": null
    },
    {
      "ayah_number": 7,
      "translation_bis": "Naghunahuna ba siya nga walay naka-kita kaniya?",
      "footnotes": null
    },
    {
      "ayah_number": 8,
      "translation_bis": "Wala ba Kami nagbuhat alang kaniya ug duha ka mata?",
      "footnotes": null
    },
    {
      "ayah_number": 9,
      "translation_bis": "Ug usa ka dila ug duha ka ngabil?",
      "footnotes": null
    },
    {
      "ayah_number": 10,
      "translation_bis": "Ug nagpakita kaniya sa duha ka mga dalan (sa maayo o sa dautan)?",
      "footnotes": null
    },
    {
      "ayah_number": 11,
      "translation_bis": "Apan siya wala nagsulod ug nag agi ngadto sa pig-ot nga dalan?",
      "footnotes": null
    },
    {
      "ayah_number": 12,
      "translation_bis": "Ug unsa ang makapahibalo kanimo kung unsa ang Hikpit nga Dalan?",
      "footnotes": null
    },
    {
      "ayah_number": 13,
      "translation_bis": "(pinaagi ba sa) paghatag ug kagawasan sa usa ka ulipon (o usa ka binihag),",
      "footnotes": null
    },
    {
      "ayah_number": 14,
      "translation_bis": "O ang pagpakaon sa adlaw sa kagutom,",
      "footnotes": null
    },
    {
      "ayah_number": 15,
      "translation_bis": "sa usa ka ilo nga paryente,",
      "footnotes": null
    },
    {
      "ayah_number": 16,
      "translation_bis": "O sa usa ka kabus (nga mitapot sa abog tungod sa kalisdanan).",
      "footnotes": null
    },
    {
      "ayah_number": 17,
      "translation_bis": "Unya siya mao usa kadtong kinsa mituo, ug nagtambag sa usag-usa sa pagbaton og pailub (pagkamakanunayon, ug pagpugong sa kaugalingon) ug nagtambag sa usag-usa sa pagpakita (gugma ug) kalooy.",
      "footnotes": null
    },
    {
      "ayah_number": 18,
      "translation_bis": "Kini sila mao ang mga katawhan sa toong kamot.",
      "footnotes": null
    },
    {
      "ayah_number": 19,
      "translation_bis": "Apan ingon (alang) niadtong naglimod sa among mga Bersikulo (niining Qur’an), sila mao ang mga tawo sa wala nga kamot (Imperno).",
      "footnotes": null
    },
    {
      "ayah_number": 20,
      "translation_bis": "Sa Kalayo nga nagsira sa ibabaw kanila (gikan sa tanan nga dapit).",
      "footnotes": null
    }
  ]
}