{
  "surah_number": 92,
  "ayahs": [
    {
      "ayah_number": 1,
      "translation_bis": "Ako (Dios) nanumpa sa gabii sa diha nga kini mutabon (sa yuta sa kangitngit),",
      "footnotes": null
    },
    {
      "ayah_number": 2,
      "translation_bis": "Ug pinaagi sa adlaw sa diha kini magpakita sa iyang kahayag.",
      "footnotes": null
    },
    {
      "ayah_number": 3,
      "translation_bis": "Ug pinaagi Kaniya (Allah) nga maoy naglalang sa lalaki ug babaye,",
      "footnotes": null
    },
    {
      "ayah_number": 4,
      "translation_bis": "Sa pagkamatuod ang inyong manga paninguha nag-kadaiya,",
      "footnotes": null
    },
    {
      "ayah_number": 5,
      "translation_bis": "Busa ingon nga alang sa usa nga naghatag sa unsa ang obligado kaniya sa paghatag ug nagbantay sa iyang kaugalingon batok sa kadautan,",
      "footnotes": null
    },
    {
      "ayah_number": 6,
      "translation_bis": "Ug nagtuo sa gisaad ni Allāh kaniya ingon nga ganti (sa Paraiso);",
      "footnotes": null
    },
    {
      "ayah_number": 7,
      "translation_bis": "Kami mapadali alang kaniya ang Dalan sa Kasayon​​ (sa Paraiso).",
      "footnotes": null
    },
    {
      "ayah_number": 8,
      "translation_bis": "Apan alang kaniya nga kuripot ug nag-huna-huna nga kaniya walay nakulang,",
      "footnotes": null
    },
    {
      "ayah_number": 9,
      "translation_bis": "Ug pagsalikway sa labin maayong ganti (sa Paraiso),",
      "footnotes": null
    },
    {
      "ayah_number": 10,
      "translation_bis": "Kami mapadali alang kaniya sa dalan padulong sa kapildihan (sa Imperno).",
      "footnotes": null
    },
    {
      "ayah_number": 11,
      "translation_bis": "Unsa ang dad-on sa iyang bahandi kaniya nga siya kuripot sa diha nga siya mamatay ug mosulod sa Kalayo?",
      "footnotes": null
    },
    {
      "ayah_number": 12,
      "translation_bis": "Sa pagkatinuod kini ibabaw Kanato (Allāh) ang paggiya.",
      "footnotes": null
    },
    {
      "ayah_number": 13,
      "translation_bis": "Sa pagkatinuod nganha Kanato ang kinabuhi sa umaabot ug ang kinabuhi niining kalibotana:",
      "footnotes": null
    },
    {
      "ayah_number": 14,
      "translation_bis": "Busa gipasidan-an Ko kamo sa kalayo nga nagdilaab:",
      "footnotes": null
    },
    {
      "ayah_number": 15,
      "translation_bis": "Walay laing masunog niini nga kalayo kondili ang labing alaot (ang manlilimod),",
      "footnotes": null
    },
    {
      "ayah_number": 16,
      "translation_bis": "Nga nagsalikway (sa Kamatuoran) ug mitalikod gikan (niini).",
      "footnotes": null
    },
    {
      "ayah_number": 17,
      "translation_bis": "Apan ang Labing mga matarong mahilayo gikan niini (sa Impiyerno),",
      "footnotes": null
    },
    {
      "ayah_number": 18,
      "translation_bis": "Nga naghatag sa iyang pinakamaayong bahandi (sa mga buhat sa kaluoy ug gugmang putli), aron sa pagputli sa iyang kaugalingon 'gikan sa mga sala',",
      "footnotes": null
    },
    {
      "ayah_number": 19,
      "translation_bis": "Ug dili balos sa iyang gihatag gikan sa iyang bahandi aron sa pagpares sa grasya nga gihatag kaniya sa lain,",
      "footnotes": null
    },
    {
      "ayah_number": 20,
      "translation_bis": "Apan sa pagpangita lamang sa Nawong sa iyang Ginoo (Allah), ang Labing Halangdon.",
      "footnotes": null
    },
    {
      "ayah_number": 21,
      "translation_bis": "Ug sa dili madugay siya mahimuot pag-ayo (sa diha nga siya mosulod sa Paraiso nga maangkon ang tumang kalipay).",
      "footnotes": null
    }
  ]
}