{
  "surah_number": 93,
  "ayahs": [
    {
      "ayah_number": 1,
      "translation_bis": "Ako (Dios) nanumpa pinaagi sa sayo nga mga takna sa kabuntagon,",
      "footnotes": null
    },
    {
      "ayah_number": 2,
      "translation_bis": "Ug ang gabii, sa diha nga kini mongitngit.",
      "footnotes": null
    },
    {
      "ayah_number": 3,
      "translation_bis": "Ang imong Ginoo (Allāh) wala mobiya kanimo (Oh Muhammad), ug siya wala nasuko kanimo.",
      "footnotes": null
    },
    {
      "ayah_number": 4,
      "translation_bis": "Ug ang Pikas Kinabuhi 'umalabot' mao labing maayo alang kanimo kay sa Una (ie, ang kinabuhi karon),",
      "footnotes": null
    },
    {
      "ayah_number": 5,
      "translation_bis": "Ug sa dili madugay ang imong Ginoo (Allāh) maghatag sa daghan nga kaayohan ngadto kanimo, aron ikaw magmalipayon.",
      "footnotes": null
    },
    {
      "ayah_number": 6,
      "translation_bis": "Dili ba, Ikaw iyang hikaplagan nga ilo, ug nag-hatag kanimo sa pasilungan?",
      "footnotes": null
    },
    {
      "ayah_number": 7,
      "translation_bis": "Dili ba ikaw Iyang nakaplagan nga naglatagaw (wala masayud) ug ikaw Iyang gigiyahan?",
      "footnotes": null
    },
    {
      "ayah_number": 8,
      "translation_bis": "Ug wala ka ba niya nakaplagan nga kabos\nbusa iyang gihimong ka nga adunahan.",
      "footnotes": null
    },
    {
      "ayah_number": 9,
      "translation_bis": "Busa mahitungod sa ilo tagda uban ang kalooy , ug ayaw siya abusari,",
      "footnotes": null
    },
    {
      "ayah_number": 10,
      "translation_bis": "Ug mahitungod kaniya nga nagapangayo, ayaw badlonga siya;",
      "footnotes": null
    },
    {
      "ayah_number": 11,
      "translation_bis": "Ug mahitungod sa Pabor sa (Allah) imong Ginoo - ipahayag kini[1].",
      "footnotes": "[1]. I.e., Ang Pagkapropeta, ang Qur'an, ug ang imong hingpit nga relihiyon sa Islam."
    }
  ]
}