{
  "surah_number": 94,
  "ayahs": [
    {
      "ayah_number": 1,
      "translation_bis": "Wala ba Kami nagpalapad alang kanimo (Oh Muhammad) sa imong dughan,",
      "footnotes": null
    },
    {
      "ayah_number": 2,
      "translation_bis": "Ug nagpagaan gikan kanimo sa palas-anon?",
      "footnotes": null
    },
    {
      "ayah_number": 3,
      "translation_bis": "Nga nag-duot sa hilabihan sa imong likod?",
      "footnotes": null
    },
    {
      "ayah_number": 4,
      "translation_bis": "Ug gipataas alang kanimo ang imong dungog (kahimtang),",
      "footnotes": null
    },
    {
      "ayah_number": 5,
      "translation_bis": "Kay sa pagkatinuod uban sa matag kalisdanan adunay kasayon (kaharuhay).",
      "footnotes": null
    },
    {
      "ayah_number": 6,
      "translation_bis": "Sa pagkatinuod uban sa matag kalisdanan moabut ang kasayon (kaharuhay).",
      "footnotes": null
    },
    {
      "ayah_number": 7,
      "translation_bis": "Busa kon ikaw nahuman sa imong pag-ampo, nan, padayona \"sa paghinumdom ang Allāh ug pangamuyo\",",
      "footnotes": null
    },
    {
      "ayah_number": 8,
      "translation_bis": "\"Ug ngadto sa imong Ginoo ˹nag-inusara˺ \npagdirekta ang tanan nimong magtinguha 'uban ang paglaom'.\"[1]",
      "footnotes": "[1]. Ug ngadto sa Allāh nga imong Ginoo lamang itugyi ang tanan nga imong mga gusto mga pangamuyo, tuyo, mga panginahanglan, mga pangandoy ug mga paglaum; pagdangop Kaniya sa imong pagsimba ug pagpangita sa unsay anaa Kaniya sa Iyang Kabulahanan ug Kalipay."
    }
  ]
}