{
  "surah_number": 96,
  "ayahs": [
    {
      "ayah_number": 1,
      "translation_bis": "Lituka ˹O Prophet Muhammad' sa Ngalan sa nga imong Ginoo nga mag-lalang,",
      "footnotes": null
    },
    {
      "ayah_number": 2,
      "translation_bis": "naglalang sa tawo gikan sa usa ka lapot nga dugo.",
      "footnotes": null
    },
    {
      "ayah_number": 3,
      "translation_bis": "Lituka ug ang imong Ginoo (Allāh) mao ang Labing Manggihatagon,",
      "footnotes": null
    },
    {
      "ayah_number": 4,
      "translation_bis": "kinsa nagtudlo [sa tawo] sa paggamit sa pluma —",
      "footnotes": null
    },
    {
      "ayah_number": 5,
      "translation_bis": "Nagtudlo sa tawo sa wala niya mahibaloi kaniadto.",
      "footnotes": null
    },
    {
      "ayah_number": 6,
      "translation_bis": "Dili, apan ang tawo sa pagkatinuod kalapas,",
      "footnotes": null
    },
    {
      "ayah_number": 7,
      "translation_bis": "Sa diha nga iyang nakita ang iyang kaugalingon nga igo na (sa bahandi, dungog, ug ranggo).",
      "footnotes": null
    },
    {
      "ayah_number": 8,
      "translation_bis": "Sa pagkatinuod, ngadto sa (Allah) nga imong Ginoo mao ang (katapusan) nga Pagbalik (sa tanan).",
      "footnotes": null
    },
    {
      "ayah_number": 9,
      "translation_bis": "Nakita ba nimo siya (ang dili magtutuo) nga nagbabag,",
      "footnotes": null
    },
    {
      "ayah_number": 10,
      "translation_bis": "Ang usa ka ulipon (sa Allah) sa diha nga siya nag-ampo?",
      "footnotes": null
    },
    {
      "ayah_number": 11,
      "translation_bis": "Nakita ba nimo kung siya anaa ba sa husto nga Giya (sa Dios)?",
      "footnotes": null
    },
    {
      "ayah_number": 12,
      "translation_bis": "O nagsugo sa pagkamatarong?",
      "footnotes": null
    },
    {
      "ayah_number": 13,
      "translation_bis": "Nakita ba nimo kung kini nga kritiko nagsalikway sa kamatooran o motalikod gikan niini?",
      "footnotes": null
    },
    {
      "ayah_number": 14,
      "translation_bis": "Wala ba siya mahibalo nga ang Allah nakakita (sa unsay iyang gibuhat)?",
      "footnotes": null
    },
    {
      "ayah_number": 15,
      "translation_bis": "Dili, kon siya dili mohunong, Sakmiton gayod Namo siya pinaagi sa iyang agtang,",
      "footnotes": null
    },
    {
      "ayah_number": 16,
      "translation_bis": "Usa ka bakakon, makasasala nga agtang.",
      "footnotes": null
    },
    {
      "ayah_number": 17,
      "translation_bis": "Busa (pasagdi siya nga) manawag siya sa iyang mga kaubanan,",
      "footnotes": null
    },
    {
      "ayah_number": 18,
      "translation_bis": "Kami usab magpatawag sa mga Magbalantay sa Imperno (aron siya pagalaglagon).",
      "footnotes": null
    },
    {
      "ayah_number": 19,
      "translation_bis": "Dili, ayaw siya tumana, apan naghapa ka uban ang pag-dayeg, ug paduol (ngadto sa Allāh).",
      "footnotes": null
    }
  ]
}