{
  "surah_number": 97,
  "ayahs": [
    {
      "ayah_number": 1,
      "translation_bis": "Sa pagkatinuod Kami nagpakanaog ug nagpadayag niini (ang Qur'an) sa Gabii sa Dekreto.",
      "footnotes": null
    },
    {
      "ayah_number": 2,
      "translation_bis": "Ug unsa ang makapahibalo kanimo kung unsa ang gabii sa Dekreto?",
      "footnotes": null
    },
    {
      "ayah_number": 3,
      "translation_bis": "Ang Gabii sa himaya ug gahum - Dekreto- labing maayo pa kay sa usa ka libo ka mga bulan.",
      "footnotes": null
    },
    {
      "ayah_number": 4,
      "translation_bis": "Ang mga anghel ug ang balaang espiritu (Gabriel) manaog diha niini sa pagtugot sa ilang Ginoo (Allah) alang sa tanang mga kamandoan (nga gitakda sa Allah gikan nianang tuiga ngadto sa mosunod),",
      "footnotes": null
    },
    {
      "ayah_number": 5,
      "translation_bis": "Niining gabie ang tanang Kalinaw anaa (sa mga magtutuo) hangtod sa pag-abot sa ka-adlawon.",
      "footnotes": null
    }
  ]
}