{
  "surah_number": 99,
  "ayahs": [
    {
      "ayah_number": 1,
      "translation_bis": "Sa diha nga ang kalibutan paga-linugon na nianang maong Linog, \"Alang sa Adlaw sa Pagkabanhaw\",",
      "footnotes": null
    },
    {
      "ayah_number": 2,
      "translation_bis": "Ug ang yuta nagpagula sa mga sulod niini ug mga palas-anon.",
      "footnotes": null
    },
    {
      "ayah_number": 3,
      "translation_bis": "Ug ang tawo maga-ingon: \"Na-unsa ang nahitabo niini sa yuta nga naglihok ug nag-uyog?\"",
      "footnotes": null
    },
    {
      "ayah_number": 4,
      "translation_bis": "Nianang adlawa kini magpahibalo sa iyang mga balita ug unsa ang gibuhat sa ibabaw niini, \"maayo ug daotan\",",
      "footnotes": null
    },
    {
      "ayah_number": 5,
      "translation_bis": "Tungod kay ang imong Ginoo (Allah) dinasig ug nagsugo niini.",
      "footnotes": null
    },
    {
      "ayah_number": 6,
      "translation_bis": "Nianang Adlawa ang mga tawo manggula sa nagkatibulaag nga mga pundok aron sila makasaksi sa ilang mga buhat nga ilang nahimo dinhi sa yuta.",
      "footnotes": null
    },
    {
      "ayah_number": 7,
      "translation_bis": "Bisan kinsa nga nagbuhat ug sama sa gibug-aton sa usa ka atomo nga maayo, kini iyang makita.",
      "footnotes": null
    },
    {
      "ayah_number": 8,
      "translation_bis": "Ug bisan kinsa nga nagbuhat ug sama sa gibug-aton sa usa ka atomo nga dautan, kini iyang makita.",
      "footnotes": null
    }
  ]
}