{
  "surah_number": 100,
  "ayahs": [
    {
      "ayah_number": 1,
      "translation_bis": "Ako (Dios) nanumpa sa mga (kabayo nga) tigdagan uban sa paghangos (nagdala sa mga manggugubat),",
      "footnotes": null
    },
    {
      "ayah_number": 2,
      "translation_bis": "Ug pinaagi niadtong nagpatunghag tuasik sa kalayo pinaagi sa ilang mga kuko (sa dihang nagasikad sa pagdagan),",
      "footnotes": null
    },
    {
      "ayah_number": 3,
      "translation_bis": "Ug pinaagi niadtong nagabuhat ug mga pagsulong sa kaadlawon,",
      "footnotes": null
    },
    {
      "ayah_number": 4,
      "translation_bis": "Nga nakapa-ukay sa (sama sa panganod [baga] nga) abog,",
      "footnotes": null
    },
    {
      "ayah_number": 5,
      "translation_bis": "Nga nagasulod isip usa ka lawas ngadto sa kasingkasing sa mga linya sa kaaway.",
      "footnotes": null
    },
    {
      "ayah_number": 6,
      "translation_bis": "Sa pagkatinuod ang tawo (ang manlilimod) dili mapasalamaton sa iyang Ginoo (Allāh).",
      "footnotes": null
    },
    {
      "ayah_number": 7,
      "translation_bis": "Ug sa pagkatinuod siya saksi man niini.",
      "footnotes": null
    },
    {
      "ayah_number": 8,
      "translation_bis": "Ug tungod sa iyang hilabihan nga gugma sa bahandi, siya kuripot niini.",
      "footnotes": null
    },
    {
      "ayah_number": 9,
      "translation_bis": "Apan wala ba siya masayod nga kon magkatag na ang sulod sa mga lubnganan ug gihaw-as,",
      "footnotes": null
    },
    {
      "ayah_number": 10,
      "translation_bis": "Ug unsay anaa sa mga dughan iga butyag man.",
      "footnotes": null
    },
    {
      "ayah_number": 11,
      "translation_bis": "Sa pagkatinuod ang ilang Ginoo (Allah), nianang Adlawa, Labing naka-ila kanila.",
      "footnotes": null
    }
  ]
}