{
  "surah_number": 101,
  "ayahs": [
    {
      "ayah_number": 1,
      "translation_bis": "Ang Adlaw sa kalaglagan.",
      "footnotes": null
    },
    {
      "ayah_number": 2,
      "translation_bis": "Unsa ba ang maong ang adlaw sa kalaglagan?",
      "footnotes": null
    },
    {
      "ayah_number": 3,
      "translation_bis": "Ug unsay makapaamgo kanimo kon unsa ang adlaw sa kalaglagan?",
      "footnotes": null
    },
    {
      "ayah_number": 4,
      "translation_bis": "Mao kini ang adlaw nga diin ang manga tawo mahisama sa anunugba nga sinabwag,",
      "footnotes": null
    },
    {
      "ayah_number": 5,
      "translation_bis": "Ug ang mga kabukiran mamahimong sama sa mga balhibo sa karnero sa ilang paglihok.",
      "footnotes": null
    },
    {
      "ayah_number": 6,
      "translation_bis": "Ug alang kaniya nga ang sukod sa iyang maayong mga buhat bug-at,",
      "footnotes": null
    },
    {
      "ayah_number": 7,
      "translation_bis": "Siya mopuyo sa usa ka makapahimuot nga kinabuhi (sa Paraiso).",
      "footnotes": null
    },
    {
      "ayah_number": 8,
      "translation_bis": "Ug alang kaniya nga ang sukdanan sa iyang maayong mga buhat gaan,",
      "footnotes": null
    },
    {
      "ayah_number": 9,
      "translation_bis": "Nan, ang iyang puloy-anan mao ang usa ka bung-aw 'kahiladman'.",
      "footnotes": null
    },
    {
      "ayah_number": 10,
      "translation_bis": "Ug unsay makapaamgo kanimo kon unsa kini?",
      "footnotes": null
    },
    {
      "ayah_number": 11,
      "translation_bis": "Kana maoy Kalayo sa tumang kainit, nag-lagiting!",
      "footnotes": null
    }
  ]
}