{
  "surah_number": 102,
  "ayahs": [
    {
      "ayah_number": 1,
      "translation_bis": "Ang panag-indigay sa usag-usa pagpadaghan sa (kalibutanon nga bahandi) hilabihan nga nakapasimang kaninyo,",
      "footnotes": null
    },
    {
      "ayah_number": 2,
      "translation_bis": "Hangtod nga kamo mamatay ug mobisita sa imong mga lubnganan.",
      "footnotes": null
    },
    {
      "ayah_number": 3,
      "translation_bis": "Apan dili! Kamo sa dili madugay mahibalo.",
      "footnotes": null
    },
    {
      "ayah_number": 4,
      "translation_bis": "Usab dili, sa dili madugay kamo mahibalo sa mga sangputanan niana.",
      "footnotes": null
    },
    {
      "ayah_number": 5,
      "translation_bis": "Kon kamo nasayod pa lamang unta, uban sa tataw nga kahibalo,",
      "footnotes": null
    },
    {
      "ayah_number": 6,
      "translation_bis": "Kamo sa pagkatinuod makakita sa nagdilaab nga Imperno;",
      "footnotes": null
    },
    {
      "ayah_number": 7,
      "translation_bis": "Unya kamo sa pagkatinuod makakita niini sa inyong mga mata nga walay pagduhaduha mahitungod niini.",
      "footnotes": null
    },
    {
      "ayah_number": 8,
      "translation_bis": "Ug unya, kamo pangutan 'on niana nga adlaw mahitungod sa mga pabor (grasya) sa Dios, sa unsay Iyang gipanalangin kaninyo.",
      "footnotes": null
    }
  ]
}