{
  "surah_number": 103,
  "ayahs": [
    {
      "ayah_number": 1,
      "translation_bis": "Ako (Dios) nanumpa sa panahon (sa mga katuigan)!",
      "footnotes": null
    },
    {
      "ayah_number": 2,
      "translation_bis": "Sa pagkatinuod, ang tawo anaa sa bug-os nga kapildihan,",
      "footnotes": null
    },
    {
      "ayah_number": 3,
      "translation_bis": "Gawas niadtong mituo ug nagbuhat sa matarung nga mga buhat, ug nagtambag sa usag-usa uban Kamatuoran ( Hustisya ug kalinaw), ug nagtambag ang usag-usa sa pagpailub (ug paglahutay).",
      "footnotes": null
    }
  ]
}