{
  "surah_number": 104,
  "ayahs": [
    {
      "ayah_number": 1,
      "translation_bis": "Kaalautan ngadto sa matag tigpanglibak, ug tigbugalbugal,",
      "footnotes": null
    },
    {
      "ayah_number": 2,
      "translation_bis": "Nga nagtigom sa hilabihang ka-hakog sa mga bahandi ug nag-ihap niini 'sa makadaghan',",
      "footnotes": null
    },
    {
      "ayah_number": 3,
      "translation_bis": "Nga hunahuna nga ang iyang bahandi maghimo kaniya nga dili mamatay.",
      "footnotes": null
    },
    {
      "ayah_number": 4,
      "translation_bis": "Siya sa pagkatinuod itambog ngadto sa Tigdugmok nga Kalayo (Imperno nga makaguba sa tanan),",
      "footnotes": null
    },
    {
      "ayah_number": 5,
      "translation_bis": "Ug unsay makapaamgo kanimo kon unsa ang Tigdugmok nga Kalayo?",
      "footnotes": null
    },
    {
      "ayah_number": 6,
      "translation_bis": "Kana ang Kalayo ni Allāh, 'walay katapusan' nagdilaab,",
      "footnotes": null
    },
    {
      "ayah_number": 7,
      "translation_bis": "Nga nagdilaab sa mga kasingkasing (sa mga manlilimod).",
      "footnotes": null
    },
    {
      "ayah_number": 8,
      "translation_bis": "Sa pagkatinuod kini (Imperno) pagasirad-an ibabaw kanila,",
      "footnotes": null
    },
    {
      "ayah_number": 9,
      "translation_bis": "(Sila igapos) Sa dagkong mga haligi [sa Kalayo sa Imperno].",
      "footnotes": null
    }
  ]
}