{
  "surah_number": 105,
  "ayahs": [
    {
      "ayah_number": 1,
      "translation_bis": "Wala ba kamo mahibalo ˹Oh Propeta Muhammad˺ giunsa sa imong Ginoo (Allah) nakiglabot ang mga tag-iya sa elepante?",
      "footnotes": null
    },
    {
      "ayah_number": 2,
      "translation_bis": "Wala ba Niya himoa nga ang ilang plano (sa pagguba sa Ka’aba sa Makkah) matapos sa pagkapakgang (nga nahimong hinungdan nga sila nangalaglag),",
      "footnotes": null
    },
    {
      "ayah_number": 3,
      "translation_bis": "Ug Siya nag-padala batok kanila sa panon sa mga langgam;",
      "footnotes": null
    },
    {
      "ayah_number": 4,
      "translation_bis": "Nga naglabay batok kanila ug mga bato sa gahi nga lapok,",
      "footnotes": null
    },
    {
      "ayah_number": 5,
      "translation_bis": "Busa gibiyaan sila sama sa giusap nga uhot.",
      "footnotes": null
    }
  ]
}