{
  "surah_number": 106,
  "ayahs": [
    {
      "ayah_number": 1,
      "translation_bis": "Alang sa naanad nga kasigurohan sa mga tribu sa Quraish 'sa Makkah',",
      "footnotes": null
    },
    {
      "ayah_number": 2,
      "translation_bis": "Ang ilang naandan nga seguridad (sa) ilang mga panaw sa pamatigay (sa panahon sa) tingtugnaw ug sa ting-init.",
      "footnotes": null
    },
    {
      "ayah_number": 3,
      "translation_bis": "Busa pasagdi sila sa pagsimba (sa Allah lamang) ang Ginoo niini nga Balay (ang Ka'ba sa Makkah),",
      "footnotes": null
    },
    {
      "ayah_number": 4,
      "translation_bis": "Kinsa nagpakaon kanila batok sa kagutom ug giluwas sila batok sa kahadlok.",
      "footnotes": null
    }
  ]
}