{
  "surah_number": 107,
  "ayahs": [
    {
      "ayah_number": 1,
      "translation_bis": "Nakita ba nimo siya kinsa nga naglimod sa (Adlaw sa Paghukom ug) Pagbalos?",
      "footnotes": null
    },
    {
      "ayah_number": 2,
      "translation_bis": "Siya nga maoy nakiglabot sa ang ilo [uban sa mapintas],",
      "footnotes": null
    },
    {
      "ayah_number": 3,
      "translation_bis": "Ug wala mag-awhag (sa uban) sa pagpakaon sa mga kabus.",
      "footnotes": null
    },
    {
      "ayah_number": 4,
      "translation_bis": "Busa alaut kadtong ˹mga salingkapaw˺ nga nag-ampo -",
      "footnotes": null
    },
    {
      "ayah_number": 5,
      "translation_bis": "Kinsa walay pagtagad ngadto sa ilang mga pag-ampo;",
      "footnotes": null
    },
    {
      "ayah_number": 6,
      "translation_bis": "kadtong gusto lamang nga magpakita sa ilang maayo nga binuhatan 'ug daygon',",
      "footnotes": null
    },
    {
      "ayah_number": 7,
      "translation_bis": "Ug nagdumili sa paghatag bisan sa pinakasimple nga tabang sa uban.",
      "footnotes": null
    }
  ]
}