{
  "surah_number": 108,
  "ayahs": [
    {
      "ayah_number": 1,
      "translation_bis": "Sa pagkatinuod, Kami naghatag kanimo (Oh Muhammad) sa Kawthar (usa ka suba sa Paraiso ug usa ka Abunda nga kaayo),",
      "footnotes": null
    },
    {
      "ayah_number": 2,
      "translation_bis": "Busa pag-ampo ngadto sa imong Ginoo (Allāh lamang) ug himoa ang imong mga halad (ngadto Kaniya lamang).",
      "footnotes": null
    },
    {
      "ayah_number": 3,
      "translation_bis": "Sa pagkatinuod siya nga nagdumot kanimo mao ang mahikawan (gikan sa tanan nga kaayohan, niini nga kinabuhi ug sa Pikas Kinabuhi).",
      "footnotes": null
    }
  ]
}