{
  "surah_number": 109,
  "ayahs": [
    {
      "ayah_number": 1,
      "translation_bis": "Isulti: Oh, kamo nga mga manlilimod,",
      "footnotes": null
    },
    {
      "ayah_number": 2,
      "translation_bis": "Ako dili musimba nianang unsay inyong gisimba,",
      "footnotes": null
    },
    {
      "ayah_number": 3,
      "translation_bis": "Ni kamo maga-simba sa akong gisimba (Allāh lamang),",
      "footnotes": null
    },
    {
      "ayah_number": 4,
      "translation_bis": "Dili ako maga-simba sa inyong gisimba,",
      "footnotes": null
    },
    {
      "ayah_number": 5,
      "translation_bis": "Ni kamo maga-simba sa akong gisimba (Allāh lamang),",
      "footnotes": null
    },
    {
      "ayah_number": 6,
      "translation_bis": "Anaa kanimo ang imong paagi 'sa kinabuhi', ug ako adunay akong paagi 'sa kinabuhi'.”",
      "footnotes": null
    }
  ]
}