{
  "surah_number": 110,
  "ayahs": [
    {
      "ayah_number": 1,
      "translation_bis": "Sa diha nga moabut na ang Tabang sa Allah ug ang kadaugan (ang pagkompleto sa pagsakop sa Makkah),",
      "footnotes": null
    },
    {
      "ayah_number": 2,
      "translation_bis": "Ug nakita nimo ang mga tawo nga nagasulod sa Islām sa daghan,",
      "footnotes": null
    },
    {
      "ayah_number": 3,
      "translation_bis": "Nan himayaa ang imong Ginoo (Allāh) uban sa pagdalayeg, ug pangayoa ang Iyang Kapasayloan; sa pagkatinuod Siya mao ang Kanunay nga Nagadawat sa Paghinulsol.",
      "footnotes": null
    }
  ]
}