{
  "surah_number": 111,
  "ayahs": [
    {
      "ayah_number": 1,
      "translation_bis": "Ang kalaglagan maoy mahiagoman sa mga kamot ni Abu Lahab[1] ug siya malaglag!",
      "footnotes": "[1]. Ang uyoan sa Propeta, usa sa iyang labing lig-on nga mga kaaway, uban bisan unsay pa lain ang mga kaaway sa Islam."
    },
    {
      "ayah_number": 2,
      "translation_bis": "Ang iyang bahandi dili makapulos kaniya ni ang tanan nga iyang natigom.",
      "footnotes": null
    },
    {
      "ayah_number": 3,
      "translation_bis": "Sa dili madugay siya masunog sa kalayo nga nagdilaab,",
      "footnotes": null
    },
    {
      "ayah_number": 4,
      "translation_bis": "Ug ang iyang asawa usab, ang tigdala ug sugnod [2].",
      "footnotes": "[2]. Siya nagbutang ug mga tunok sa dalan sa Propeta ug nagbutangbutang kaniya (ﷺ). Ang pulong nga \"sugnod\" gigamit sa mga Arabo sa pagpasabot sa pagbutangbutang ug paglibak."
    },
    {
      "ayah_number": 5,
      "translation_bis": "Sa iyang liog mao ang hugot nga linubid nga pisi [3].",
      "footnotes": "[3]. I.e. ang kadena nga anaa sa Kalayo (sa Impiyerno)."
    }
  ]
}