{
  "surah_number": 112,
  "ayahs": [
    {
      "ayah_number": 1,
      "translation_bis": "Isulti: \"Siya si Allāh (Diyos) - Usa (lang), 'walay laing dios gawas Kaniya'.\"",
      "footnotes": null
    },
    {
      "ayah_number": 2,
      "translation_bis": "Allah—ang Tanan Tigpaluyo 'gikinahanglan sa tanan˺[1].",
      "footnotes": "[1]. Ang Allah Mao Ang Ginoo, Ang walay Katapusan nga Dalangpanan, Ang Igo sa Kaugalingon, nga Hingpit walay panginahanglan."
    },
    {
      "ayah_number": 3,
      "translation_bis": "Wala Siya manganak, ug wala usab Siya gipanganak.",
      "footnotes": null
    },
    {
      "ayah_number": 4,
      "translation_bis": "Walay usa nga sama Kaniya ug walay katumbas Kaniya.”.",
      "footnotes": null
    }
  ]
}