{
  "surah_number": 113,
  "ayahs": [
    {
      "ayah_number": 1,
      "translation_bis": "Isulti: \"Ako nangita sa pagpanalipod sa (Allāh), ang Ginoo sa kaadlawon\",",
      "footnotes": null
    },
    {
      "ayah_number": 2,
      "translation_bis": "Gikan sa kadautan sa tanang sa mga linalang.",
      "footnotes": null
    },
    {
      "ayah_number": 3,
      "translation_bis": "ug gikan sa kadautan sa kagabhion sa diha nga kini moabot,",
      "footnotes": null
    },
    {
      "ayah_number": 4,
      "translation_bis": "Ug gikan sa kadautan sa mga salamangkero nga naghuyop sa mga baligtos,",
      "footnotes": null
    },
    {
      "ayah_number": 5,
      "translation_bis": "Ug gikan sa kadautan sa masinahon, sa diha nga siya masina.",
      "footnotes": null
    }
  ]
}