{
  "surah_number": 114,
  "ayahs": [
    {
      "ayah_number": 1,
      "translation_bis": "Isulti: \"Ako nangita sa pagpanalipod sa (Allāh) ang Ginoo sa katawhan,\"",
      "footnotes": null
    },
    {
      "ayah_number": 2,
      "translation_bis": "Ang Hari sa tanang katawhan,",
      "footnotes": null
    },
    {
      "ayah_number": 3,
      "translation_bis": "Ang Dios sa tanang katawhan,",
      "footnotes": null
    },
    {
      "ayah_number": 4,
      "translation_bis": "Gikan sa kadautan sa nag-atras nga tighunghong 'ang Satan',",
      "footnotes": null
    },
    {
      "ayah_number": 5,
      "translation_bis": "Nga nagahunghong ( daotan nga mga hunahuna ug mga sugyot) ngadto sa mga dughan sa mga tawo,",
      "footnotes": null
    },
    {
      "ayah_number": 6,
      "translation_bis": "(Kini nga mga satanas) gikan sa mga jinn ug sa mga tawo.",
      "footnotes": null
    }
  ]
}